,index,product_name,price,made_in,standard_soc_ma,algodon,poliamida,elastano,lino,viscosa,poliester,modal,otras,liocel,fibra,acrilico,lana,seda,main_txt,total_composition,1_composition,second_txt,2_composition,OCS,RCS,txt_recycled,cotton_OCS,rec_poliester,rec_cotton,rec_poliamida,rec_acrilico,rec_elastano,certificacion,porcentaje,intertek
0,0,Camiseta Algodon Basica,8.95,Bangladesh,True,1.0,,,,,,,,,,,,,algodon,1,1.0,,,OCS,,,1.0,,,,,,OCS,1.0,True
1,1,Camiseta Algodon Basica,8.95,Bangladesh,True,1.0,,,,,,,,,,,,,algodon,1,1.0,,,OCS,,,1.0,,,,,,OCS,1.0,True
2,2,Camiseta Algodon Basica,8.95,Bangladesh,True,1.0,,,,,,,,,,,,,algodon,1,1.0,,,OCS,,,1.0,,,,,,OCS,1.0,True
3,3,Camiseta Algodon Basica,6.95,Bangladesh,True,1.0,,,,,,,,,,,,,algodon,1,1.0,,,,,,,,,,,,None,,False
4,4,Camiseta Algodon Basica,12.95,Bangladesh,True,1.0,,,,,,,,,,,,,algodon,1,1.0,,,OCS,,,1.0,,,,,,OCS,1.0,True
5,5,Camiseta Temporada,7.95,Bangladesh,True,1.0,,,,,,,,,,,,,algodon,1,1.0,,,,,,,,,,,,None,,False
6,6,Camiseta Poliamida,6.95,Marruecos,True,,0.94,0.06,,,,,,,,,,,poliamida,2,0.94,elastano,0.06,,,,,,,,,,None,,False
8,8,Camiseta Temporada,15.95,Turquia,True,1.0,,,,,,,,,,,,,algodon,1,1.0,,,OCS,,,1.0,,,,,,OCS,1.0,True
9,9,Camiseta Temporada,15.95,Turquia,True,1.0,,,,,,,,,,,,,algodon,1,1.0,,,OCS,,,1.0,,,,,,OCS,1.0,True
10,10,Camiseta Temporada,7.95,Bangladesh,True,1.0,,,,,,,,,,,,,algodon,1,1.0,,,,,,,,,,,,None,,False
11,11,Camiseta Temporada,12.95,Turquia,True,1.0,,,,,,,,,,,,,algodon,1,1.0,,,,,,,,,,,,None,,False
12,12,Camiseta Temporada,17.95,Turquia,True,1.0,,,,,,,,,,,,,algodon,1,1.0,,,,,,,,,,,,None,,False
13,13,Camiseta Temporada,12.95,Marruecos,True,1.0,,,,,,,,,,,,,algodon,1,1.0,,,,,,,,,,,,None,,False
14,14,Camiseta Algodon Basica,8.95,Bangladesh,True,1.0,,,,,,,,,,,,,algodon,1,1.0,,,OCS,,,1.0,,,,,,OCS,1.0,True
15,15,Camiseta Heavy Cotton,12.95,Bangladesh,True,1.0,,,,,,,,,,,,,algodon,1,1.0,,,OCS,,,1.0,,,,,,OCS,1.0,True
16,16,Camiseta Temporada,17.95,Portugal,True,1.0,,,,,,,,,,,,,algodon,1,1.0,,,,,,,,,,,,None,,False
17,17,Camiseta Temporada,17.95,Portugal,True,0.7,,,0.3,,,,,,,,,,algodon,2,0.7,lino,0.3,,,,,,,,,,None,,False
18,18,Camiseta Temporada,17.95,Portugal,True,0.7,,,0.3,,,,,,,,,,algodon,2,0.7,lino,0.3,,,,,,,,,,None,,False
19,19,Camiseta Temporada,17.95,Portugal,True,0.7,,,0.3,,,,,,,,,,algodon,2,0.7,lino,0.3,,,,,,,,,,None,,False
20,20,Camiseta Temporada,17.95,Turquia,True,1.0,,,,,,,,,,,,,algodon,1,1.0,,,,,,,,,,,,None,,False
21,21,Camiseta Temporada,7.95,Bangladesh,True,1.0,,,,,,,,,,,,,algodon,1,1.0,,,,,,,,,,,,None,,False
22,22,Camiseta Temporada,7.95,Bangladesh,True,1.0,,,,,,,,,,,,,algodon,1,1.0,,,,,,,,,,,,None,,False
23,23,Camiseta Temporada,15.95,Bangladesh,True,0.95,,0.05,,,,,,,,,,,algodon,2,0.95,elastano,0.05,OCS,,,0.95,,,,,,OCS,0.95,True
24,24,Camiseta Temporada,12.95,Marruecos,True,1.0,,,,,,,,,,,,,algodon,1,1.0,,,,,,,,,,,,None,,False
25,25,Camiseta Algodon Basica,9.95,Bangladesh,True,1.0,,,,,,,,,,,,,algodon,1,1.0,,,OCS,,,1.0,,,,,,OCS,1.0,True
26,26,Camiseta Rib,9.95,Bangladesh,True,0.96,,0.04,,,,,,,,,,,algodon,2,0.96,elastano,0.04,OCS,,,0.96,,,,,,OCS,0.96,True
27,27,Camiseta Rib,9.95,Bangladesh,True,0.96,,0.04,,,,,,,,,,,algodon,2,0.96,elastano,0.04,OCS,,,0.96,,,,,,OCS,0.96,True
28,28,Camiseta Algodon Enzimatico,8.95,Bangladesh,True,1.0,,,,,,,,,,,,,algodon,1,1.0,,,,,,,,,,,,None,,False
29,29,Camiseta Temporada,12.95,Marruecos,True,1.0,,,,,,,,,,,,,algodon,1,1.0,,,,,,,,,,,,None,,False
30,30,Top Crop,6.95,Bangladesh,True,0.95,,0.05,,,,,,,,,,,algodon,2,0.95,elastano,0.05,OCS,,,0.95,,,,,,OCS,0.95,True
31,31,Camiseta Rib,6.95,Bangladesh,True,0.95,,0.05,,,,,,,,,,,algodon,2,0.95,elastano,0.05,,,,,,,,,,None,,False
32,32,Camiseta Algodon Basica,17.95,Bangladesh,True,1.0,,,,,,,,,,,,,algodon,1,1.0,,,,,,,,,,,,None,,False
33,33,Camiseta Rib,9.95,Bangladesh,True,0.96,,0.04,,,,,,,,,,,algodon,2,0.96,elastano,0.04,OCS,,,0.96,,,,,,OCS,0.96,True
34,34,Camiseta Temporada,15.95,Turquia,True,,,0.04,,0.96,,,,,,,,,viscosa,2,0.96,elastano,0.04,,,,,,,,,,None,,False
35,35,Camiseta Rib,9.95,Bangladesh,True,0.95,,0.05,,,,,,,,,,,algodon,2,0.95,elastano,0.05,,,,,,,,,,None,,False
36,36,Camiseta Algodon Enzimatico,8.95,Bangladesh,True,1.0,,,,,,,,,,,,,algodon,1,1.0,,,,,,,,,,,,None,,False
37,37,Camiseta Temporada,12.95,Bangladesh,True,,,,,1.0,,,,,,,,,viscosa,1,1.0,,,,,,,,,,,,None,,False
38,38,Camiseta Algodon Basica,12.95,Bangladesh,True,1.0,,,,,,,,,,,,,algodon,1,1.0,,,OCS,,,1.0,,,,,,OCS,1.0,True
39,39,Camiseta Rib,6.95,Marruecos,True,1.0,,,,,,,,,,,,,algodon,1,1.0,,,,,,,,,,,,None,,False
40,40,Camiseta Rib,6.95,Marruecos,True,1.0,,,,,,,,,,,,,algodon,1,1.0,,,,,,,,,,,,None,,False
41,41,Camiseta Rib,9.95,Bangladesh,True,0.95,,0.05,,,,,,,,,,,algodon,2,0.95,elastano,0.05,,,,,,,,,,None,,False
42,42,Camiseta Temporada,15.95,Marruecos,True,0.94,,0.06,,,,,,,,,,,algodon,2,0.94,elastano,0.06,,,,,,,,,,None,,False
43,43,Camiseta Algodon Basica,6.95,Bangladesh,True,1.0,,,,,,,,,,,,,algodon,1,1.0,,,,,,,,,,,,None,,False
44,44,Camiseta Heavy Cotton,12.95,Bangladesh,True,1.0,,,,,,,,,,,,,algodon,1,1.0,,,OCS,,,1.0,,,,,,OCS,1.0,True
45,45,Camiseta Temporada,12.95,Portugal,True,,,,,,1.0,,,,,,,,poliester,1,1.0,,,,,,,,,,,,None,,False
46,46,Camiseta Algodon Basica,9.95,Bangladesh,True,1.0,,,,,,,,,,,,,algodon,1,1.0,,,OCS,,,1.0,,,,,,OCS,1.0,True
47,47,Camiseta Algodon Enzimatico,8.95,Bangladesh,True,1.0,,,,,,,,,,,,,algodon,1,1.0,,,,,,,,,,,,None,,False
48,48,Camiseta Temporada,17.95,Marruecos,True,1.0,,,,,,,,,,,,,algodon,1,1.0,,,,,,,,,,,,None,,False
49,49,Camiseta Rib,6.95,Bangladesh,True,0.95,,0.05,,,,,,,,,,,algodon,2,0.95,elastano,0.05,,,,,,,,,,None,,False
50,50,Camiseta Algodon Enzimatico,8.95,Bangladesh,True,1.0,,,,,,,,,,,,,algodon,1,1.0,,,,,,,,,,,,None,,False
51,51,Camiseta Temporada,12.95,Turquia,True,1.0,,,,,,,,,,,,,algodon,1,1.0,,,,,,,,,,,,None,,False
52,52,Camiseta Algodon Enzimatico,8.95,Bangladesh,True,1.0,,,,,,,,,,,,,algodon,1,1.0,,,,,,,,,,,,None,,False
53,53,Camiseta Rib,6.95,Bangladesh,True,0.95,,0.05,,,,,,,,,,,algodon,2,0.95,elastano,0.05,,,,,,,,,,None,,False
54,54,Camiseta Poliamida,6.95,Marruecos,True,,0.94,0.06,,,,,,,,,,,poliamida,2,0.94,elastano,0.06,,,,,,,,,,None,,False
55,55,Camiseta Heavy Cotton,12.95,Bangladesh,True,1.0,,,,,,,,,,,,,algodon,1,1.0,,,OCS,,,1.0,,,,,,OCS,1.0,True
56,56,Camiseta Algodon Basica,6.95,Bangladesh,True,1.0,,,,,,,,,,,,,algodon,1,1.0,,,,,,,,,,,,None,,False
57,57,Sudadera,22.95,Marruecos,True,0.82,,,,,0.18,,,,,,,,algodon,2,0.82,poliester,0.18,OCS,RCS,poliester ,0.34,0.18,,,,,OCS,0.34,True
58,58,Camiseta Temporada,12.95,Portugal,True,,,,,,1.0,,,,,,,,poliester,1,1.0,,,,,,,,,,,,None,,False
59,59,Camiseta Temporada,19.95,Marruecos,True,,,0.04,,,0.96,,,,,,,,poliester,2,0.96,elastano,0.04,,RCS,poliester ,,0.96,,,,,None,,True
60,60,Camiseta Algodon Basica,6.95,Bangladesh,True,1.0,,,,,,,,,,,,,algodon,1,1.0,,,,,,,,,,,,None,,False
61,61,Camiseta Temporada,15.95,Marruecos,True,1.0,,,,,,,,,,,,,algodon,1,1.0,,,,,,,,,,,,None,,False
62,62,Camiseta Algodon Basica,6.95,Bangladesh,True,1.0,,,,,,,,,,,,,algodon,1,1.0,,,,,,,,,,,,None,,False
63,63,Camiseta Temporada,12.95,Marruecos,True,1.0,,,,,,,,,,,,,algodon,1,1.0,,,,,,,,,,,,None,,False
64,64,Camiseta Algodon Basica,9.95,Bangladesh,True,1.0,,,,,,,,,,,,,algodon,1,1.0,,,OCS,,,1.0,,,,,,OCS,1.0,True
65,65,Camiseta Poliamida,6.95,Marruecos,True,,0.94,0.06,,,,,,,,,,,poliamida,2,0.94,elastano,0.06,,,,,,,,,,None,,False
66,66,Camiseta Algodon Enzimatico,8.95,Bangladesh,True,1.0,,,,,,,,,,,,,algodon,1,1.0,,,,,,,,,,,,None,,False
67,67,Camiseta Temporada,6.95,Bangladesh,True,0.95,,0.05,,,,,,,,,,,algodon,2,0.95,elastano,0.05,,,,,,,,,,None,,False
68,68,Camiseta Temporada,5.95,Bangladesh,True,0.95,,0.05,,,,,,,,,,,algodon,2,0.95,elastano,0.05,,,,,,,,,,None,,False
69,69,Camiseta Temporada,12.95,Turquia,True,,,0.06,,,0.94,,,,,,,,poliester,2,0.94,elastano,0.06,,RCS,poliester ,,0.5,,,,,None,,True
70,70,Camiseta Algodon Basica,9.95,Portugal,True,1.0,,,,,,,,,,,,,algodon,1,1.0,,,,,,,,,,,,None,,False
71,71,Camiseta Oversize,15.95,Marruecos,True,0.89,,,,,0.11,,,,,,,,algodon,2,0.89,poliester,0.11,,,,,,,,,,None,,False
72,72,Camiseta Algodon Basica,6.95,Bangladesh,True,1.0,,,,,,,,,,,,,algodon,1,1.0,,,,,,,,,,,,None,,False
73,73,Camiseta Oversize,15.95,Marruecos,True,0.89,,,,,0.11,,,,,,,,algodon,2,0.89,poliester,0.11,,,,,,,,,,None,,False
74,74,Camiseta Poliamida,8.95,Bangladesh,True,,0.9,0.1,,,,,,,,,,,poliamida,2,0.9,elastano,0.1,,,,,,,,,,None,,False
75,75,Camiseta Temporada,15.95,Turquia,True,,,0.04,,0.96,,,,,,,,,viscosa,2,0.96,elastano,0.04,,,,,,,,,,None,,False
76,76,Camiseta Temporada,15.95,Marruecos,True,0.97,,0.03,,,,,,,,,,,algodon,2,0.97,elastano,0.03,,,,,,,,,,None,,False
77,77,Camiseta Oversize,15.95,Marruecos,True,0.89,,,,,0.11,,,,,,,,algodon,2,0.89,poliester,0.11,,,,,,,,,,None,,False
78,78,Camiseta Oversize,8.95,Marruecos,True,1.0,,,,,,,,,,,,,algodon,1,1.0,,,,,,,,,,,,None,,False
79,79,Top Crop,5.95,Bangladesh,True,0.48,,0.05,,,,0.47,,,,,,,algodon,3,0.48,modal,0.47,,,,,,,,,,None,,False
80,80,Camiseta Oversize,8.95,Marruecos,True,1.0,,,,,,,,,,,,,algodon,1,1.0,,,,,,,,,,,,None,,False
81,81,Camiseta Algodon Enzimatico,8.95,Bangladesh,True,1.0,,,,,,,,,,,,,algodon,1,1.0,,,,,,,,,,,,None,,False
82,82,Camiseta Rib,8.95,Bangladesh,True,0.95,,0.05,,,,,,,,,,,algodon,2,0.95,elastano,0.05,,,,,,,,,,None,,False
83,83,Top Crop,6.95,Bangladesh,True,0.95,,0.05,,,,,,,,,,,algodon,2,0.95,elastano,0.05,OCS,,,0.95,,,,,,OCS,0.95,True
84,84,Camiseta Oversize,8.95,Marruecos,True,1.0,,,,,,,,,,,,,algodon,1,1.0,,,,,,,,,,,,None,,False
85,85,Camiseta Rib,9.95,Bangladesh,True,0.95,,0.05,,,,,,,,,,,algodon,2,0.95,elastano,0.05,,,,,,,,,,None,,False
86,86,Camiseta Algodon Enzimatico,8.95,Bangladesh,True,1.0,,,,,,,,,,,,,algodon,1,1.0,,,,,,,,,,,,None,,False
87,87,Camiseta Rib,6.95,Bangladesh,True,0.95,,0.05,,,,,,,,,,,algodon,2,0.95,elastano,0.05,,,,,,,,,,None,,False
88,88,Camiseta Temporada,15.95,Turquia,True,1.0,,,,,,,,,,,,,algodon,1,1.0,,,,RCS,algodon ,,,0.2,,,,OCS,,True
89,89,Camiseta Algodon Basica,6.95,Bangladesh,True,1.0,,,,,,,,,,,,,algodon,1,1.0,,,,,,,,,,,,None,,False
90,90,Camiseta Algodon Basica,12.95,Bangladesh,True,1.0,,,,,,,,,,,,,algodon,1,1.0,,,OCS,,,1.0,,,,,,OCS,1.0,True
91,91,Camiseta Temporada,15.95,Marruecos,True,0.94,,0.06,,,,,,,,,,,algodon,2,0.94,elastano,0.06,,,,,,,,,,None,,False
92,92,Camiseta Rib,8.95,Bangladesh,True,0.95,,0.05,,,,,,,,,,,algodon,2,0.95,elastano,0.05,,,,,,,,,,None,,False
93,93,Camiseta Temporada,15.95,Turquia,True,,,0.04,,0.96,,,,,,,,,viscosa,2,0.96,elastano,0.04,,,,,,,,,,None,,False
94,94,Camiseta Algodon Basica,7.95,Bangladesh,True,1.0,,,,,,,,,,,,,algodon,1,1.0,,,,,,,,,,,,None,,False
95,95,Camiseta Poliamida,8.95,Bangladesh,True,,0.9,0.1,,,,,,,,,,,poliamida,2,0.9,elastano,0.1,,,,,,,,,,None,,False
96,96,Top Crop,5.95,Bangladesh,True,0.48,,0.05,,,,0.47,,,,,,,algodon,3,0.48,modal,0.47,,,,,,,,,,None,,False
97,97,Camiseta Rib,6.95,Bangladesh,True,0.95,,0.05,,,,,,,,,,,algodon,2,0.95,elastano,0.05,,,,,,,,,,None,,False
98,98,Camiseta Algodon Basica,9.95,Bangladesh,True,1.0,,,,,,,,,,,,,algodon,1,1.0,,,OCS,,,1.0,,,,,,OCS,1.0,True
99,99,Camiseta Temporada,15.95,Marruecos,True,1.0,,,,,,,,,,,,,algodon,1,1.0,,,,,,,,,,,,None,,False
100,100,Camiseta Rib,15.95,Turquia,True,0.96,,0.04,,,,,,,,,,,algodon,2,0.96,elastano,0.04,,,,,,,,,,None,,False
101,101,Camiseta Temporada,12.95,Marruecos,True,0.96,,0.04,,,,,,,,,,,algodon,2,0.96,elastano,0.04,,,,,,,,,,None,,False
102,102,Camiseta Algodon Basica,7.95,Bangladesh,True,1.0,,,,,,,,,,,,,algodon,1,1.0,,,,,,,,,,,,None,,False
103,103,Camiseta Algodon Enzimatico,8.95,Bangladesh,True,1.0,,,,,,,,,,,,,algodon,1,1.0,,,,,,,,,,,,None,,False
104,104,Camiseta Algodon Basica,6.95,Bangladesh,True,0.95,,0.05,,,,,,,,,,,algodon,2,0.95,elastano,0.05,,,,,,,,,,None,,False
105,105,Camiseta Poliamida,8.95,Turquia,True,,0.94,0.06,,,,,,,,,,,poliamida,2,0.94,elastano,0.06,,,poliamida ,,,,0.47,,,RCS,0.47,True
106,106,Camiseta Algodon Basica,12.95,Bangladesh,True,1.0,,,,,,,,,,,,,algodon,1,1.0,,,OCS,,,1.0,,,,,,OCS,1.0,True
107,107,Camiseta Poliamida,12.95,Turquia,True,,0.94,0.06,,,,,,,,,,,poliamida,2,0.94,elastano,0.06,,,poliamida ,,,,0.47,,,RCS,0.47,True
108,108,Camiseta Algodon Basica,6.95,Bangladesh,True,1.0,,,,,,,,,,,,,algodon,1,1.0,,,,,,,,,,,,None,,False
109,109,Camiseta Temporada,12.95,Marruecos,True,1.0,,,,,,,,,,,,,algodon,1,1.0,,,,,,,,,,,,None,,False
110,110,Camiseta Rib,9.95,Bangladesh,True,0.95,,0.05,,,,,,,,,,,algodon,2,0.95,elastano,0.05,OCS,,,0.95,,,,,,OCS,0.95,True
111,111,Camiseta Poliamida,8.95,Turquia,True,,0.94,0.06,,,,,,,,,,,poliamida,2,0.94,elastano,0.06,,,poliamida ,,,,0.47,,,RCS,0.47,True
112,112,Camiseta Rib,4.95,Bangladesh,True,0.95,,0.05,,,,,,,,,,,algodon,2,0.95,elastano,0.05,,,,,,,,,,None,,False
113,113,Camiseta Algodon Basica,6.95,Bangladesh,True,1.0,,,,,,,,,,,,,algodon,1,1.0,,,,,,,,,,,,None,,False
114,114,Camiseta Temporada,12.95,Bangladesh,True,,,,,1.0,,,,,,,,,viscosa,1,1.0,,,,,,,,,,,,None,,False
115,115,Camiseta Rib,12.95,Marruecos,True,0.42,,0.02,,,0.56,,0.05,,,,,,poliester,4,0.56,algodon,0.42,,RCS,algodon ,,0.56,0.42,,,,OCS,,True
116,116,Camiseta Rib,9.95,Bangladesh,True,0.95,,0.05,,,,,,,,,,,algodon,2,0.95,elastano,0.05,,,,,,,,,,None,,False
117,117,Camiseta Temporada,12.95,Marruecos,True,0.96,,0.04,,,,,,,,,,,algodon,2,0.96,elastano,0.04,,,,,,,,,,None,,False
118,118,Camiseta Temporada,15.95,Marruecos,True,1.0,,,,,,,,,,,,,algodon,1,1.0,,,,RCS,poliester ,,0.32,0.44,,,,OCS,,True
119,119,Camiseta Temporada,12.95,Bangladesh,True,,,,,1.0,,,,,,,,,viscosa,1,1.0,,,,,,,,,,,,None,,False
120,120,Camiseta Rib,8.95,Bangladesh,True,0.95,,0.05,,,,,,,,,,,algodon,2,0.95,elastano,0.05,,,,,,,,,,None,,False
121,121,Camiseta Heavy Cotton,12.95,Bangladesh,True,1.0,,,,,,,,,,,,,algodon,1,1.0,,,OCS,,,1.0,,,,,,OCS,1.0,True
122,122,Camiseta Temporada,6.95,Marruecos,True,1.0,,,,,,,,,,,,,algodon,1,1.0,,,OCS,,,0.5,,,,,,OCS,0.5,True
123,123,Camiseta Heavy Cotton,8.95,Bangladesh,True,1.0,,,,,,,,,,,,,algodon,1,1.0,,,,,,,,,,,,None,,False
124,124,Camiseta Oversize,15.95,Bangladesh,True,1.0,,,,,,,,,,,,,algodon,1,1.0,,,OCS,,,1.0,,,,,,OCS,1.0,True
125,125,Camiseta Heavy Cotton,12.95,Bangladesh,True,1.0,,,,,,,,,,,,,algodon,1,1.0,,,OCS,,,1.0,,,,,,OCS,1.0,True
126,126,Camiseta Temporada,6.95,Marruecos,True,1.0,,,,,,,,,,,,,algodon,1,1.0,,,OCS,,,0.5,,,,,,OCS,0.5,True
127,127,Camiseta Rib,6.95,Bangladesh,True,0.95,,0.05,,,,,,,,,,,algodon,2,0.95,elastano,0.05,,,,,,,,,,None,,False
128,128,Camiseta Rib,19.95,Turquia,True,0.97,,0.03,,,,,,,,,,,algodon,2,0.97,elastano,0.03,,,,,,,,,,None,,False
129,129,Camiseta Rib,8.95,Marruecos,True,1.0,,,,,,,,,,,,,algodon,1,1.0,,,,,,,,,,,,None,,False
130,130,Camiseta Temporada,12.95,Marruecos,True,1.0,,,,,,,,,,,,,algodon,1,1.0,,,,,,,,,,,,None,,False
131,131,Camiseta Oversize,15.95,Bangladesh,True,1.0,,,,,,,,,,,,,algodon,1,1.0,,,OCS,,,1.0,,,,,,OCS,1.0,True
132,132,Camiseta Oversize,15.95,Pakistan,True,0.85,,0.05,,,0.1,,,,,,,,algodon,3,0.85,elastano,0.05,,RCS,algodon ,,0.1,0.2,,,,OCS,,True
133,133,Camiseta Algodon Basica,15.95,Marruecos,True,1.0,,,,,,,,,,,,,algodon,1,1.0,,,,,,,,,,,,None,,False
134,134,Camiseta Rib,9.95,Bangladesh,True,0.95,,0.05,,,,,,,,,,,algodon,2,0.95,elastano,0.05,OCS,,,0.95,,,,,,OCS,0.95,True
135,135,Camiseta Algodon Basica,8.95,Bangladesh,True,1.0,,,,,,,,,,,,,algodon,1,1.0,,,OCS,,,1.0,,,,,,OCS,1.0,True
136,136,Camiseta Temporada,8.95,Bangladesh,True,1.0,,,,,,,,,,,,,algodon,1,1.0,,,,,,,,,,,,None,,False
137,137,Camiseta Temporada,15.95,Bangladesh,True,0.95,,0.05,,,,,,,,,,,algodon,2,0.95,elastano,0.05,OCS,,,0.95,,,,,,OCS,0.95,True
138,138,Camiseta Temporada,17.95,Turquia,True,1.0,,,,,,,,,,,,,algodon,1,1.0,,,OCS,,,1.0,,,,,,OCS,1.0,True
139,139,Camiseta Temporada,12.95,Marruecos,True,0.95,,,,,0.05,,,,,,,,algodon,2,0.95,poliester,0.05,,,,,,,,,,None,,False
140,140,Camiseta Poliamida,8.95,Bangladesh,True,,0.9,0.1,,,,,,,,,,,poliamida,2,0.9,elastano,0.1,,,,,,,,,,None,,False
141,141,Camiseta Rib,9.95,Bangladesh,True,0.95,,0.05,,,,,,,,,,,algodon,2,0.95,elastano,0.05,OCS,,,0.95,,,,,,OCS,0.95,True
142,142,Camiseta Poliamida,8.95,Bangladesh,True,,0.9,0.1,,,,,,,,,,,poliamida,2,0.9,elastano,0.1,,,,,,,,,,None,,False
143,143,Camiseta Temporada,12.95,Portugal,True,,,,,,1.0,,,,,,,,poliester,1,1.0,,,,,,,,,,,,None,,False
144,144,Camiseta Poliamida,8.95,Turquia,True,,0.94,0.06,,,,,,,,,,,poliamida,2,0.94,elastano,0.06,,,poliamida ,,,,0.47,,,RCS,0.47,True
145,145,Camiseta Poliamida,9.95,Turquia,True,,0.94,0.06,,,,,,,,,,,poliamida,2,0.94,elastano,0.06,,,poliamida ,,,,0.71,,,RCS,0.71,True
146,146,Camiseta Oversize,15.95,Marruecos,True,0.89,,,,,0.11,,,,,,,,algodon,2,0.89,poliester,0.11,,,,,,,,,,None,,False
147,147,Sudadera,19.95,Marruecos,True,0.85,,,,0.01,0.14,,,,,,,,algodon,3,0.85,poliester,0.14,,,,,,,,,,None,,False
148,148,Camiseta Temporada,12.95,Marruecos,True,1.0,,,,,,,,,,,,,algodon,1,1.0,,,,,,,,,,,,None,,False
149,149,Camiseta Temporada,12.95,Marruecos,True,1.0,,,,,,,,,,,,,algodon,1,1.0,,,,,,,,,,,,None,,False
150,150,Camiseta Temporada,8.95,Bangladesh,True,1.0,,,,,,,,,,,,,algodon,1,1.0,,,,,,,,,,,,None,,False
151,151,Camiseta Temporada,6.95,Marruecos,True,1.0,,,,,,,,,,,,,algodon,1,1.0,,,,,,,,,,,,None,,False
152,152,Camiseta Temporada,12.95,Marruecos,True,,,,,,,1.0,,,,,,,modal,1,1.0,,,,,,,,,,,,None,,False
153,153,Camiseta Algodon Enzimatico,8.95,Bangladesh,True,1.0,,,,,,,,,,,,,algodon,1,1.0,,,,,,,,,,,,None,,False
154,154,Camiseta Rib,6.95,Bangladesh,True,0.95,,0.05,,,,,,,,,,,algodon,2,0.95,elastano,0.05,,,,,,,,,,None,,False
155,155,Camiseta Temporada,12.95,Marruecos,True,0.96,,0.04,,,,,,,,,,,algodon,2,0.96,elastano,0.04,,,,,,,,,,None,,False
156,156,Camiseta Algodon Basica,6.95,Bangladesh,True,1.0,,,,,,,,,,,,,algodon,1,1.0,,,,,,,,,,,,None,,False
157,157,Camiseta Temporada,7.95,Bangladesh,True,1.0,,,,,,,,,,,,,algodon,1,1.0,,,,,,,,,,,,None,,False
158,158,Camiseta Temporada,15.95,Portugal,True,1.0,,,,,,,,,,,,,algodon,1,1.0,,,,,,,,,,,,None,,False
159,159,Camiseta Temporada,15.95,Marruecos,True,1.0,,,,,,,,,,,,,algodon,1,1.0,,,,,,,,,,,,None,,False
160,160,Top Crop,5.95,Turquia,True,,,0.04,,0.96,,,,,,,,,viscosa,2,0.96,elastano,0.04,,,,,,,,,,None,,False
161,161,Camiseta Temporada,15.95,Bangladesh,True,1.0,,,,,,,,,,,,,algodon,1,1.0,,,OCS,,,1.0,,,,,,OCS,1.0,True
162,162,Camiseta Temporada,12.95,Marruecos,True,,,0.02,,,,0.98,,,,,,,modal,2,0.98,elastano,0.02,,,,,,,,,,None,,False
163,163,Camiseta Algodon Basica,7.95,Bangladesh,True,1.0,,,,,,,,,,,,,algodon,1,1.0,,,OCS,,,1.0,,,,,,OCS,1.0,True
164,164,Sudadera,15.95,Bangladesh,True,1.0,,,,,,,,,,,,,algodon,1,1.0,,,,,,,,,,,,None,,False
165,165,Camiseta Poliamida,8.95,Turquia,True,,0.94,0.06,,,,,,,,,,,poliamida,2,0.94,elastano,0.06,,,poliamida ,,,,0.47,,,RCS,0.47,True
166,166,Camiseta Temporada,17.95,Marruecos,True,,,,,,1.0,,,,,,,,poliester,1,1.0,,,,RCS,poliester ,,0.46,,,,,None,,True
167,167,Camiseta Temporada,17.95,Portugal,True,1.0,,,,,,,,,,,,,algodon,1,1.0,,,,,,,,,,,,None,,False
168,168,Sudadera,15.95,Bangladesh,True,1.0,,,,,,,,,,,,,algodon,1,1.0,,,,,,,,,,,,None,,False
170,170,Camiseta Rib,6.95,Bangladesh,True,0.95,,0.05,,,,,,,,,,,algodon,2,0.95,elastano,0.05,,,,,,,,,,None,,False
171,171,Top Crop,9.95,Portugal,True,0.96,,0.04,,,,,,,,,,,algodon,2,0.96,elastano,0.04,,,,,,,,,,None,,False
172,172,Camiseta Algodon Basica,6.95,Bangladesh,True,1.0,,,,,,,,,,,,,algodon,1,1.0,,,,,,,,,,,,None,,False
173,173,Camiseta Algodon Basica,9.95,Bangladesh,True,1.0,,,,,,,,,,,,,algodon,1,1.0,,,,,,,,,,,,None,,False
174,174,Camiseta Temporada,8.95,Bangladesh,True,1.0,,,,,,,,,,,,,algodon,1,1.0,,,,,,,,,,,,None,,False
175,175,Camiseta Temporada,8.95,Bangladesh,True,1.0,,,,,,,,,,,,,algodon,1,1.0,,,,,,,,,,,,None,,False
176,176,Sudadera,22.95,Turquia,True,0.8,,,,,0.2,,,,,,,,algodon,2,0.8,poliester,0.2,,,,,,,,,,None,,False
177,177,Camiseta Temporada,5.95,Bangladesh,True,0.95,,0.05,,,,,,,,,,,algodon,2,0.95,elastano,0.05,,,,,,,,,,None,,False
178,178,Camiseta Algodon Basica,9.95,Portugal,True,1.0,,,,,,,,,,,,,algodon,1,1.0,,,,,,,,,,,,None,,False
180,180,Camiseta Temporada,17.95,Turquia,True,1.0,,,,,,,,,,,,,algodon,1,1.0,,,,,,,,,,,,None,,False
181,181,Camiseta Algodon Basica,6.95,Bangladesh,True,1.0,,,,,,,,,,,,,algodon,1,1.0,,,,,,,,,,,,None,,False
182,182,Camiseta Temporada,7.95,Bangladesh,True,1.0,,,,,,,,,,,,,algodon,1,1.0,,,,,,,,,,,,None,,False
183,183,Camiseta Algodon Basica,12.95,Bangladesh,True,1.0,,,,,,,,,,,,,algodon,1,1.0,,,OCS,,,1.0,,,,,,OCS,1.0,True
184,184,Camiseta Temporada,17.95,Portugal,True,0.49,,,,,0.51,,,,,,,,poliester,2,0.51,algodon,0.49,,RCS,algodon ,,,0.16,,,,OCS,,True
185,185,Camiseta Rib,4.95,Bangladesh,True,0.95,,0.05,,,,,,,,,,,algodon,2,0.95,elastano,0.05,,,,,,,,,,None,,False
186,186,Camiseta Rib,8.95,Bangladesh,True,0.95,,0.05,,,,,,,,,,,algodon,2,0.95,elastano,0.05,,,,,,,,,,None,,False
187,187,Sudadera,17.95,Pakistan,True,0.84,,0.06,,,0.1,,,,,,,,algodon,3,0.84,poliester,0.1,,RCS,algodon ,,,0.15,,,,OCS,,True
188,188,Camiseta Temporada,15.95,China,True,1.0,,,,,,,,,,,,,algodon,1,1.0,,,,RCS,algodon ,,,0.2,,,,OCS,,True
189,189,Camiseta Rib,6.95,Bangladesh,True,0.95,,0.05,,,,,,,,,,,algodon,2,0.95,elastano,0.05,,,,,,,,,,None,,False
190,190,Camiseta Temporada,12.95,Bangladesh,True,0.95,,0.05,,,,,,,,,,,algodon,2,0.95,elastano,0.05,OCS,,,0.95,,,,,,OCS,0.95,True
191,191,Camiseta Oversize,15.95,Bangladesh,True,1.0,,,,,,,,,,,,,algodon,1,1.0,,,OCS,,,1.0,,,,,,OCS,1.0,True
192,192,Camiseta Temporada,15.95,Marruecos,True,1.0,,,,,,,,,,,,,algodon,1,1.0,,,,,,,,,,,,None,,False
193,193,Camiseta Temporada,15.95,Portugal,True,1.0,,,,,,,,,,,,,algodon,1,1.0,,,,,,,,,,,,None,,False
194,194,Sudadera,17.95,Pakistan,True,0.84,,0.06,,,0.1,,,,,,,,algodon,3,0.84,poliester,0.1,,RCS,algodon ,,,0.15,,,,OCS,,True
195,195,Camiseta Temporada,15.95,Portugal,True,,,,0.3,0.7,,,,,,,,,viscosa,2,0.7,lino,0.3,,,,,,,,,,None,,False
196,196,Camiseta Temporada,17.95,Portugal,True,1.0,,,,,,,,,,,,,algodon,1,1.0,,,,,,,,,,,,None,,False
197,197,Camiseta Temporada,12.95,Marruecos,True,1.0,,,,,,,,,,,,,algodon,1,1.0,,,,,,,,,,,,None,,False
198,198,Camiseta Poliamida,9.95,Turquia,True,,0.94,0.06,,,,,,,,,,,poliamida,2,0.94,elastano,0.06,,,poliamida ,,,,0.71,,,RCS,0.71,True
199,199,Sudadera,17.95,Pakistan,True,0.84,,0.06,,,0.1,,,,,,,,algodon,3,0.84,poliester,0.1,,RCS,algodon ,,,0.15,,,,OCS,,True
200,200,Camiseta Temporada,17.95,Marruecos,True,1.0,,,,,,,,,,,,,algodon,1,1.0,,,,,,,,,,,,None,,False
201,201,Camiseta Temporada,17.95,Marruecos,True,1.0,,,,,,,,,,,,,algodon,1,1.0,,,,,,,,,,,,None,,False
202,202,Camiseta Algodon Basica,7.95,Bangladesh,True,1.0,,,,,,,,,,,,,algodon,1,1.0,,,,,,,,,,,,None,,False
203,203,Camiseta Heavy Cotton,12.95,Bangladesh,True,1.0,,,,,,,,,,,,,algodon,1,1.0,,,,,,,,,,,,None,,False
204,204,Camiseta Temporada,15.95,Portugal,True,1.0,,,,,,,,,,,,,algodon,1,1.0,,,OCS,,,1.0,,,,,,OCS,1.0,True
205,205,Camiseta Temporada,22.95,Marruecos,True,1.0,,,,,,,,,,,,,algodon,1,1.0,,,,,,,,,,,,None,,False
206,206,Camiseta Poliamida,7.95,Bangladesh,True,,0.9,0.1,,,,,,,,,,,poliamida,2,0.9,elastano,0.1,,,poliamida ,,,,0.5,,,RCS,0.5,True
207,207,Camiseta Algodon Enzimatico,8.95,Bangladesh,True,1.0,,,,,,,,,,,,,algodon,1,1.0,,,,,,,,,,,,None,,False
208,208,Camiseta Oversize,22.95,Marruecos,True,0.99,,0.01,,,,,,,,,,,algodon,2,0.99,elastano,0.01,,,,,,,,,,None,,False
209,209,Camiseta Temporada,12.95,India,True,0.8,,,,,,,,0.2,,,,,algodon,2,0.8,liocel,0.2,OCS,,,0.8,,,,,,OCS,0.8,True
210,210,Camiseta Temporada,12.95,Marruecos,True,1.0,,,,,,,,,,,,,algodon,1,1.0,,,,,,,,,,,,None,,False
211,211,Camiseta Rib,8.95,Marruecos,True,1.0,,,,,,,,,,,,,algodon,1,1.0,,,,,,,,,,,,None,,False
212,212,Camiseta Temporada,6.95,Marruecos,True,1.0,,,,,,,,,,,,,algodon,1,1.0,,,OCS,,,0.5,,,,,,OCS,0.5,True
213,213,Camiseta Temporada,5.95,Bangladesh,True,0.95,,0.05,,,,,,,,,,,algodon,2,0.95,elastano,0.05,,,,,,,,,,None,,False
214,214,Camiseta Temporada,7.95,Bangladesh,True,1.0,,,,,,,,,,,,,algodon,1,1.0,,,,,,,,,,,,None,,False
215,215,Camiseta Temporada,15.95,Marruecos,True,1.0,,,,,,,,,,,,,algodon,1,1.0,,,,,,,,,,,,None,,False
216,216,Camiseta Temporada,15.95,Marruecos,True,0.88,,,,0.12,,,,,,,,,algodon,2,0.88,viscosa,0.12,,,,,,,,,,None,,False
217,217,Sudadera,22.95,Marruecos,True,0.79,,,,,0.21,,,,,,,,algodon,2,0.79,poliester,0.21,OCS,RCS,algodon ,0.34,,0.28,,,,OCS,0.34,True
218,218,Camiseta Algodon Basica,7.95,Bangladesh,True,1.0,,,,,,,,,,,,,algodon,1,1.0,,,,,,,,,,,,None,,False
219,219,Camiseta Temporada,7.95,Bangladesh,True,1.0,,,,,,,,,,,,,algodon,1,1.0,,,OCS,,,1.0,,,,,,OCS,1.0,True
220,220,Camiseta Rib,4.95,Bangladesh,True,0.95,,0.05,,,,,,,,,,,algodon,2,0.95,elastano,0.05,,,,,,,,,,None,,False
221,221,Camiseta Temporada,9.95,Marruecos,True,0.97,,0.03,,,,,,,,,,,algodon,2,0.97,elastano,0.03,,,,,,,,,,None,,False
222,222,Camiseta Algodon Basica,15.95,Turquia,True,1.0,,,,,,,,,,,,,algodon,1,1.0,,,,,,,,,,,,None,,False
223,223,Camiseta Algodon Basica,15.95,Marruecos,True,1.0,,,,,,,,,,,,,algodon,1,1.0,,,,,,,,,,,,None,,False
224,224,Camiseta Algodon Basica,12.95,Marruecos,True,1.0,,,,,,,,,,,,,algodon,1,1.0,,,,,,,,,,,,None,,False
225,225,Camiseta Algodon Basica,12.95,Bangladesh,True,1.0,,,,,,,,,,,,,algodon,1,1.0,,,,,,,,,,,,None,,False
226,226,Camiseta Heavy Cotton,12.95,Bangladesh,True,1.0,,,,,,,,,,,,,algodon,1,1.0,,,,,,,,,,,,None,,False
227,227,Camiseta Temporada,17.95,Portugal,True,1.0,,,,,,,,,,,,,algodon,1,1.0,,,,,,,,,,,,None,,False
228,228,Camiseta Temporada,12.95,Portugal,True,1.0,,,,,,,,,,,,,algodon,1,1.0,,,,,,,,,,,,None,,False
229,229,Camiseta Temporada,6.95,Marruecos,True,1.0,,,,,,,,,,,,,algodon,1,1.0,,,,,,,,,,,,None,,False
230,230,Top Crop,5.95,Turquia,True,,,0.04,,0.96,,,,,,,,,viscosa,2,0.96,elastano,0.04,,,,,,,,,,None,,False
231,231,Camiseta Temporada,17.95,Turquia,True,1.0,,,,,,,,,,,,,algodon,1,1.0,,,,,,,,,,,,None,,False
232,232,Camiseta Algodon Basica,9.95,Portugal,True,0.96,,0.04,,,,,,,,,,,algodon,2,0.96,elastano,0.04,,,,,,,,,,None,,False
233,233,Camiseta Heavy Cotton,12.95,Bangladesh,True,1.0,,,,,,,,,,,,,algodon,1,1.0,,,OCS,,,1.0,,,,,,OCS,1.0,True
234,234,Camiseta Temporada,12.95,Marruecos,True,0.84,,0.06,,,0.1,,,,,,,,algodon,3,0.84,elastano,0.06,,,,,,,,,,None,,False
235,235,Camiseta Temporada,7.95,Bangladesh,True,1.0,,,,,,,,,,,,,algodon,1,1.0,,,,,,,,,,,,None,,False
236,236,Camiseta Temporada,12.95,Portugal,True,1.0,,,,,,,,,,,,,algodon,1,1.0,,,,,,,,,,,,None,,False
237,237,Top Crop,6.95,Bangladesh,True,0.95,,0.05,,,,,,,,,,,algodon,2,0.95,elastano,0.05,OCS,,,0.95,,,,,,OCS,0.95,True
238,238,Camiseta Temporada,9.95,Turquia,True,,,0.05,,0.95,,,,,,,,,viscosa,2,0.95,elastano,0.05,,,,,,,,,,None,,False
239,239,Camiseta Rib,7.95,Bangladesh,True,1.0,,,,,,,,,,,,,algodon,1,1.0,,,,,,,,,,,,None,,False
240,240,Camiseta Temporada,12.95,Marruecos,True,,,,,,,,,1.0,,,,,liocel,1,1.0,,,,,,,,,,,,None,,False
241,241,Camiseta Temporada,6.95,Marruecos,True,1.0,,,,,,,,,,,,,algodon,1,1.0,,,,,,,,,,,,None,,False
242,242,Camiseta Rib,6.95,Bangladesh,True,0.95,,0.05,,,,,,,,,,,algodon,2,0.95,elastano,0.05,,,,,,,,,,None,,False
243,243,Sudadera,15.95,Bangladesh,True,1.0,,,,,,,,,,,,,algodon,1,1.0,,,,,,,,,,,,None,,False
244,244,Top Crop,5.95,Turquia,True,,,0.04,,0.96,,,,,,,,,viscosa,2,0.96,elastano,0.04,,,,,,,,,,None,,False
245,245,Camiseta Temporada,12.95,Marruecos,True,,,,,,,,,1.0,,,,,liocel,1,1.0,,,,,,,,,,,,None,,False
246,246,Camiseta Temporada,17.95,Turquia,True,1.0,,,,,,,,,,,,,algodon,1,1.0,,,,,,,,,,,,None,,False
247,247,Camiseta Temporada,15.95,Marruecos,True,0.36,,,,,0.64,,0.05,,,,,,poliester,3,0.64,algodon,0.36,,RCS,algodon ,,0.64,0.36,,,,OCS,,True
248,248,Camiseta Temporada,15.95,Turquia,True,1.0,,,,,,,,,,,,,algodon,1,1.0,,,OCS,,,1.0,,,,,,OCS,1.0,True
249,249,Camiseta Temporada,5.95,Bangladesh,True,0.95,,0.05,,,,,,,,,,,algodon,2,0.95,elastano,0.05,,,,,,,,,,None,,False
250,250,Camiseta Temporada,6.95,Bangladesh,True,0.95,,0.05,,,,,,,,,,,algodon,2,0.95,elastano,0.05,,,,,,,,,,None,,False
251,251,Camiseta Temporada,6.95,Bangladesh,True,0.95,,0.05,,,,,,,,,,,algodon,2,0.95,elastano,0.05,,,,,,,,,,None,,False
252,252,Camiseta Temporada,12.95,Marruecos,True,1.0,,,,,,,,,,,,,algodon,1,1.0,,,,,,,,,,,,None,,False
253,253,Camiseta Rib,9.95,Bangladesh,True,0.95,,0.05,,,,,,,,,,,algodon,2,0.95,elastano,0.05,,,,,,,,,,None,,False
254,254,Camiseta Rib,6.95,Bangladesh,True,0.95,,0.05,,,,,,,,,,,algodon,2,0.95,elastano,0.05,,,,,,,,,,None,,False
255,255,Camiseta Temporada,22.95,Turquia,True,0.47,,,,,0.53,,,,,,,,poliester,2,0.53,algodon,0.47,,RCS,algodon ,,,0.47,,,,OCS,,True
256,256,Camiseta Heavy Cotton,12.95,Bangladesh,True,1.0,,,,,,,,,,,,,algodon,1,1.0,,,OCS,,,1.0,,,,,,OCS,1.0,True
257,257,Camiseta Oversize,17.95,Turquia,True,1.0,,,,,,,,,,,,,algodon,1,1.0,,,OCS,,,1.0,,,,,,OCS,1.0,True
258,258,Camiseta Oversize,15.95,Marruecos,True,1.0,,,,,,,,,,,,,algodon,1,1.0,,,,,,,,,,,,None,,False
259,259,Camiseta Temporada,15.95,Portugal,True,1.0,,,,,,,,,,,,,algodon,1,1.0,,,,,,,,,,,,None,,False
260,260,Camiseta Temporada,15.95,Turquia,True,1.0,,,,,,,,,,,,,algodon,1,1.0,,,,RCS,algodon ,,,0.2,,,,OCS,,True
261,261,Camiseta Algodon Basica,6.95,Bangladesh,True,1.0,,,,,,,,,,,,,algodon,1,1.0,,,,,,,,,,,,None,,False
262,262,Camiseta Poliamida,8.95,Turquia,True,,0.94,0.06,,,,,,,,,,,poliamida,2,0.94,elastano,0.06,,,poliamida ,,,,0.47,,,RCS,0.47,True
263,263,Camiseta Temporada,12.95,Bangladesh,True,0.91,,0.09,,,,,,,,,,,algodon,2,0.91,elastano,0.09,OCS,,,0.91,,,,,,OCS,0.91,True
264,264,Camiseta Temporada,12.95,Marruecos,True,1.0,,,,,,,,,,,,,algodon,1,1.0,,,,,,,,,,,,None,,False
265,265,Camiseta Rib,12.95,Turquia,True,0.94,,0.06,,,,,,,,,,,algodon,2,0.94,elastano,0.06,,,,,,,,,,None,,False
266,266,Camiseta Temporada,12.95,Marruecos,True,,,0.02,,,,0.98,,,,,,,modal,2,0.98,elastano,0.02,,,,,,,,,,None,,False
267,267,Camiseta Temporada,12.95,Turquia,True,,,0.06,,,0.94,,,,,,,,poliester,2,0.94,elastano,0.06,,RCS,poliester ,,0.5,,,,,None,,True
268,268,Camiseta Temporada,12.95,Bangladesh,True,1.0,,,,,,,,,,,,,algodon,1,1.0,,,,RCS,algodon ,,,0.25,,,,OCS,,True
269,269,Camiseta Poliamida,9.95,Turquia,True,,0.93,0.07,,,,,,,,,,,poliamida,2,0.93,elastano,0.07,,,poliamida ,,,,0.5,,,RCS,0.5,True
270,270,Camiseta Temporada,17.95,Turquia,True,1.0,,,,,,,,,,,,,algodon,1,1.0,,,,,,,,,,,,None,,False
271,271,Camiseta Temporada,15.95,Portugal,True,0.69,,,0.31,,,,,,,,,,algodon,2,0.69,lino,0.31,,,,,,,,,,None,,False
272,272,Sudadera,17.95,Pakistan,True,0.84,,0.06,,,0.1,,,,,,,,algodon,3,0.84,poliester,0.1,,RCS,algodon ,,,0.15,,,,OCS,,True
273,273,Camiseta Temporada,17.95,Marruecos,True,1.0,,,,,,,,,,,,,algodon,1,1.0,,,,,,,,,,,,None,,False
274,274,Camiseta Temporada,17.95,Marruecos,True,1.0,,,,,,,,,,,,,algodon,1,1.0,,,,,,,,,,,,None,,False
275,275,Camiseta Algodon Basica,12.95,Bangladesh,True,1.0,,,,,,,,,,,,,algodon,1,1.0,,,,,,,,,,,,None,,False
276,276,Camiseta Oversize,15.95,Portugal,True,1.0,,,,,,,,,,,,,algodon,1,1.0,,,,,,,,,,,,None,,False
277,277,Camiseta Temporada,22.95,Marruecos,True,0.58,,,,,0.42,,,,,,,,algodon,2,0.58,poliester,0.42,,RCS,algodon ,,0.42,0.58,,,,OCS,,True
278,278,Camiseta Algodon Basica,9.95,Bangladesh,True,1.0,,,,,,,,,,,,,algodon,1,1.0,,,,,,,,,,,,None,,False
279,279,Camiseta Algodon Basica,9.95,Bangladesh,True,1.0,,,,,,,,,,,,,algodon,1,1.0,,,OCS,,,1.0,,,,,,OCS,1.0,True
280,280,Camiseta Poliamida,9.95,Turquia,True,,0.93,0.07,,,,,,,,,,,poliamida,2,0.93,elastano,0.07,,,poliamida ,,,,0.5,,,RCS,0.5,True
281,281,Camiseta Algodon Basica,6.95,Bangladesh,True,1.0,,,,,,,,,,,,,algodon,1,1.0,,,,,,,,,,,,None,,False
282,282,Camiseta Temporada,12.95,India,True,0.8,,,,,,,,0.2,,,,,algodon,2,0.8,liocel,0.2,OCS,,,0.8,,,,,,OCS,0.8,True
283,283,Sudadera,22.95,Turquia,True,0.8,,,,,0.2,,,,,,,,algodon,2,0.8,poliester,0.2,,,,,,,,,,None,,False
284,284,Camiseta Temporada,15.95,Turquia,True,0.82,,,,,0.18,,,,,,,,algodon,2,0.82,poliester,0.18,,RCS,algodon ,,,0.16,,,,OCS,,True
285,285,Camiseta Temporada,17.95,Bangladesh,True,0.8,,,,,0.2,,,,,,,,algodon,2,0.8,poliester,0.2,,,,,,,,,,None,,False
286,286,Camiseta Algodon Basica,12.95,Marruecos,True,1.0,,,,,,,,,,,,,algodon,1,1.0,,,,,,,,,,,,None,,False
287,287,Camiseta Heavy Cotton,8.95,Bangladesh,True,1.0,,,,,,,,,,,,,algodon,1,1.0,,,,,,,,,,,,None,,False
288,288,Camiseta Heavy Cotton,12.95,Bangladesh,True,1.0,,,,,,,,,,,,,algodon,1,1.0,,,,,,,,,,,,None,,False
289,289,Camiseta Temporada,15.95,Turquia,True,1.0,,,,,,,,,,,,,algodon,1,1.0,,,,RCS,algodon ,,,0.2,,,,OCS,,True
290,290,Camiseta Poliamida,6.95,Marruecos,True,,0.94,0.06,,,,,,,,,,,poliamida,2,0.94,elastano,0.06,,,,,,,,,,None,,False
291,291,Camiseta Temporada,8.95,Bangladesh,True,1.0,,,,,,,,,,,,,algodon,1,1.0,,,,,,,,,,,,None,,False
292,292,Camiseta Temporada,17.95,Turquia,True,1.0,,,,,,,,,,,,,algodon,1,1.0,,,OCS,,,1.0,,,,,,OCS,1.0,True
293,293,Camiseta Temporada,8.95,Bangladesh,True,1.0,,,,,,,,,,,,,algodon,1,1.0,,,,,,,,,,,,None,,False
294,294,Camiseta Algodon Basica,6.95,Bangladesh,True,1.0,,,,,,,,,,,,,algodon,1,1.0,,,,,,,,,,,,None,,False
295,295,Camiseta Heavy Cotton,8.95,Bangladesh,True,1.0,,,,,,,,,,,,,algodon,1,1.0,,,,,,,,,,,,None,,False
296,296,Sudadera,25.95,Bangladesh,True,0.55,,,,,0.45,,,,,,,,algodon,2,0.55,poliester,0.45,,RCS,poliester ,,0.45,,,,,None,,True
297,297,Sudadera,22.95,Pakistan,True,0.84,,0.06,,,0.1,,,,,,,,algodon,3,0.84,elastano,0.06,,RCS,algodon ,,,0.15,,,,OCS,,True
298,298,Camiseta Algodon Basica,7.95,Bangladesh,True,1.0,,,,,,,,,,,,,algodon,1,1.0,,,OCS,,,1.0,,,,,,OCS,1.0,True
299,299,Camiseta Temporada,12.95,Marruecos,True,1.0,,,,,,,,,,,,,algodon,1,1.0,,,,,,,,,,,,None,,False
300,300,Camiseta Temporada,17.95,Bangladesh,True,0.8,,,,,0.2,,,,,,,,algodon,2,0.8,poliester,0.2,,,,,,,,,,None,,False
301,301,Camiseta Temporada,6.95,Bangladesh,True,0.95,,0.05,,,,,,,,,,,algodon,2,0.95,elastano,0.05,,,,,,,,,,None,,False
302,302,Camiseta Heavy Cotton,8.95,Bangladesh,True,1.0,,,,,,,,,,,,,algodon,1,1.0,,,,,,,,,,,,None,,False
303,303,Camiseta Temporada,7.95,Bangladesh,True,1.0,,,,,,,,,,,,,algodon,1,1.0,,,,,,,,,,,,None,,False
304,304,Camiseta Algodon Basica,9.95,Portugal,True,1.0,,,,,,,,,,,,,algodon,1,1.0,,,,,,,,,,,,None,,False
305,305,Camiseta Heavy Cotton,12.95,Bangladesh,True,1.0,,,,,,,,,,,,,algodon,1,1.0,,,,,,,,,,,,None,,False
306,306,Camiseta Temporada,6.95,Bangladesh,True,0.95,,0.05,,,,,,,,,,,algodon,2,0.95,elastano,0.05,,,,,,,,,,None,,False
307,307,Camiseta Rib,19.95,Turquia,True,0.97,,0.03,,,,,,,,,,,algodon,2,0.97,elastano,0.03,,,,,,,,,,None,,False
308,308,Camiseta Algodon Basica,15.95,Turquia,True,1.0,,,,,,,,,,,,,algodon,1,1.0,,,,,,,,,,,,None,,False
309,309,Camiseta Rib,7.95,Bangladesh,True,1.0,,,,,,,,,,,,,algodon,1,1.0,,,,,,,,,,,,None,,False
310,310,Camiseta Temporada,9.95,Bangladesh,True,1.0,,,,,,,,,,,,,algodon,1,1.0,,,,,,,,,,,,None,,False
312,312,Camiseta Temporada,6.95,Bangladesh,True,0.95,,0.05,,,,,,,,,,,algodon,2,0.95,elastano,0.05,,,,,,,,,,None,,False
313,313,Camiseta Oversize,15.95,Pakistan,True,0.85,,0.05,,,0.1,,,,,,,,algodon,3,0.85,elastano,0.05,,RCS,algodon ,,0.1,0.2,,,,OCS,,True
314,314,Camiseta Temporada,15.95,Marruecos,True,1.0,,,,,,,,,,,,,algodon,1,1.0,,,OCS,,,1.0,,,,,,OCS,1.0,True
315,315,Camiseta Algodon Basica,15.95,Turquia,True,1.0,,,,,,,,,,,,,algodon,1,1.0,,,,,,,,,,,,None,,False
316,316,Camiseta Temporada,15.95,Portugal,True,,,,0.3,0.7,,,,,,,,,viscosa,2,0.7,lino,0.3,,,,,,,,,,None,,False
317,317,Camiseta Temporada,17.95,Bangladesh,True,0.8,,,,,0.2,,,,,,,,algodon,2,0.8,poliester,0.2,,,,,,,,,,None,,False
318,318,Camiseta Temporada,17.95,Turquia,True,1.0,,,,,,,,,,,,,algodon,1,1.0,,,,,,,,,,,,None,,False
319,319,Camiseta Rib,7.95,Bangladesh,True,1.0,,,,,,,,,,,,,algodon,1,1.0,,,,,,,,,,,,None,,False
320,320,Camiseta Temporada,12.95,Marruecos,True,1.0,,,,,,,,,,,,,algodon,1,1.0,,,,,,,,,,,,None,,False
321,321,Camiseta Temporada,6.95,Marruecos,True,1.0,,,,,,,,,,,,,algodon,1,1.0,,,,,,,,,,,,None,,False
322,322,Camiseta Oversize,17.95,Portugal,True,1.0,,,,,,,,,,,,,algodon,1,1.0,,,,,,,,,,,,None,,False
323,323,Camiseta Temporada,15.95,Portugal,True,0.69,,,0.31,,,,,,,,,,algodon,2,0.69,lino,0.31,,,,,,,,,,None,,False
324,324,Camiseta Rib,15.95,Marruecos,True,1.0,,,,,,,,,,,,,algodon,1,1.0,,,,,,,,,,,,None,,False
325,325,Camiseta Rib,8.95,Marruecos,True,1.0,,,,,,,,,,,,,algodon,1,1.0,,,,,,,,,,,,None,,False
326,326,Camiseta Temporada,9.95,Turquia,True,,,0.05,,0.95,,,,,,,,,viscosa,2,0.95,elastano,0.05,,,,,,,,,,None,,False
327,327,Camiseta Algodon Basica,12.95,Bangladesh,True,1.0,,,,,,,,,,,,,algodon,1,1.0,,,,,,,,,,,,None,,False
328,328,Camiseta Poliamida,12.95,Turquia,True,,0.94,0.06,,,,,,,,,,,poliamida,2,0.94,elastano,0.06,,,poliamida ,,,,0.47,,,RCS,0.47,True
329,329,Camiseta Rib,12.95,Turquia,True,0.94,,0.06,,,,,,,,,,,algodon,2,0.94,elastano,0.06,,,,,,,,,,None,,False
330,330,Sudadera,22.95,Pakistan,True,0.84,,0.06,,,0.1,,,,,,,,algodon,3,0.84,elastano,0.06,,RCS,algodon ,,,0.15,,,,OCS,,True
331,331,Camiseta Rib,4.95,Bangladesh,True,0.95,,0.05,,,,,,,,,,,algodon,2,0.95,elastano,0.05,,,,,,,,,,None,,False
332,332,Camiseta Poliamida,9.95,Turquia,True,,0.93,0.07,,,,,,,,,,,poliamida,2,0.93,elastano,0.07,,,poliamida ,,,,0.5,,,RCS,0.5,True
333,333,Camiseta Algodon Basica,6.95,Bangladesh,True,1.0,,,,,,,,,,,,,algodon,1,1.0,,,,,,,,,,,,None,,False
334,334,Sudadera,17.95,Turquia,True,0.74,,,,,0.26,,,,,,,,algodon,2,0.74,poliester,0.26,,RCS,algodon ,,0.26,0.26,,,,OCS,,True
335,335,Camiseta Temporada,15.95,Portugal,True,0.69,,,0.31,,,,,,,,,,algodon,2,0.69,lino,0.31,,,,,,,,,,None,,False
336,336,Camiseta Algodon Basica,15.95,Turquia,True,1.0,,,,,,,,,,,,,algodon,1,1.0,,,,,,,,,,,,None,,False
337,337,Camiseta Temporada,15.95,Turquia,True,0.48,,,,,0.52,,,,,,,,poliester,2,0.52,algodon,0.48,,RCS,algodon ,,0.52,0.48,,,,OCS,,True
338,338,Camiseta Algodon Basica,15.95,Marruecos,True,1.0,,,,,,,,,,,,,algodon,1,1.0,,,,,,,,,,,,None,,False
339,339,Camiseta Temporada,7.95,Bangladesh,True,1.0,,,,,,,,,,,,,algodon,1,1.0,,,,,,,,,,,,None,,False
340,340,Camiseta Temporada,22.95,Marruecos,True,0.57,,,,,0.43,,,,,,,,algodon,2,0.57,poliester,0.43,,RCS,algodon ,,0.43,0.57,,,,OCS,,True
341,341,Camiseta Algodon Basica,9.95,Bangladesh,True,1.0,,,,,,,,,,,,,algodon,1,1.0,,,OCS,,,1.0,,,,,,OCS,1.0,True
342,342,Camiseta Temporada,17.95,Marruecos,True,1.0,,,,,,,,,,,,,algodon,1,1.0,,,,,,,,,,,,None,,False
343,343,Camiseta Temporada,17.95,Turquia,True,1.0,,,,,,,,,,,,,algodon,1,1.0,,,OCS,,,1.0,,,,,,OCS,1.0,True
344,344,Camiseta Temporada,9.95,Turquia,True,,,0.05,,0.95,,,,,,,,,viscosa,2,0.95,elastano,0.05,,,,,,,,,,None,,False
345,345,Camiseta Rib,15.95,Marruecos,True,0.96,,0.04,,,,,,,,,,,algodon,2,0.96,elastano,0.04,,,,,,,,,,None,,False
346,346,Camiseta Temporada,8.95,Bangladesh,True,1.0,,,,,,,,,,,,,algodon,1,1.0,,,,,,,,,,,,None,,False
347,347,Camiseta Temporada,12.95,Marruecos,True,1.0,,,,,,,,,,,,,algodon,1,1.0,,,,,,,,,,,,None,,False
348,348,Top Crop,9.95,Bangladesh,True,0.48,,0.05,,,,0.47,,,,,,,algodon,3,0.48,modal,0.47,,,,,,,,,,None,,False
349,349,Camiseta Temporada,9.95,Bangladesh,True,0.5,,,,,0.5,,,,,,,,algodon,2,0.5,poliester,0.5,,RCS,poliester ,,0.5,,,,,None,,True
350,350,Camiseta Algodon Basica,9.95,Portugal,True,1.0,,,,,,,,,,,,,algodon,1,1.0,,,,,,,,,,,,None,,False
351,351,Camiseta Temporada,7.95,Bangladesh,True,1.0,,,,,,,,,,,,,algodon,1,1.0,,,OCS,,,1.0,,,,,,OCS,1.0,True
352,352,Camiseta Temporada,15.95,Marruecos,True,1.0,,,,,,,,,,,,,algodon,1,1.0,,,,,,,,,,,,None,,False
353,353,Camiseta Temporada,22.95,Marruecos,True,1.0,,,,,,,,,,,,,algodon,1,1.0,,,,,,,,,,,,None,,False
354,354,Camiseta Algodon Basica,15.95,Turquia,True,1.0,,,,,,,,,,,,,algodon,1,1.0,,,,,,,,,,,,None,,False
355,355,Camiseta Temporada,15.95,Portugal,True,0.49,,,,,0.51,,,,,,,,poliester,2,0.51,algodon,0.49,,RCS,algodon ,,,0.16,,,,OCS,,True
356,356,Camiseta Algodon Basica,15.95,Marruecos,True,1.0,,,,,,,,,,,,,algodon,1,1.0,,,,,,,,,,,,None,,False
357,357,Camiseta Temporada,15.95,Marruecos,True,1.0,,,,,,,,,,,,,algodon,1,1.0,,,,,,,,,,,,None,,False
358,358,Camiseta Oversize,15.95,Pakistan,True,0.85,,0.05,,,0.1,,,,,,,,algodon,3,0.85,elastano,0.05,,RCS,algodon ,,0.1,0.2,,,,OCS,,True
359,359,Camiseta Poliamida,7.95,Bangladesh,True,,0.9,0.1,,,,,,,,,,,poliamida,2,0.9,elastano,0.1,,,poliamida ,,,,0.5,,,RCS,0.5,True
360,360,Camiseta Rib,4.95,Bangladesh,True,0.95,,0.05,,,,,,,,,,,algodon,2,0.95,elastano,0.05,,,,,,,,,,None,,False
361,361,Camiseta Poliamida,12.95,Turquia,True,,0.94,0.06,,,,,,,,,,,poliamida,2,0.94,elastano,0.06,,,poliamida ,,,,0.47,,,RCS,0.47,True
362,362,Camiseta Temporada,9.95,Portugal,True,0.32,,,,,,,,0.68,,,,,liocel,2,0.68,algodon,0.32,,,,,,,,,,None,,False
363,363,Sudadera,19.95,Bangladesh,True,0.6,,,,,0.4,,,,,,,,algodon,2,0.6,poliester,0.4,,RCS,poliester ,,0.4,,,,,None,,True
364,364,Sudadera,17.95,Turquia,True,0.74,,,,,0.26,,,,,,,,algodon,2,0.74,poliester,0.26,,RCS,algodon ,,0.26,0.26,,,,OCS,,True
365,365,Camiseta Algodon Basica,7.95,Bangladesh,True,0.48,,0.05,,,,0.47,,,,,,,algodon,3,0.48,modal,0.47,,,,,,,,,,None,,False
366,366,Sudadera,39.95,Marruecos,True,0.42,,,,,0.58,,,,,,,,poliester,2,0.58,algodon,0.42,,,,,,,,,,None,,False
367,367,Sudadera,39.95,Marruecos,True,0.83,,,,,0.17,,,,,,,,algodon,2,0.83,poliester,0.17,,,,,,,,,,None,,False
368,368,Camiseta Temporada,12.95,Marruecos,True,1.0,,,,,,,,,,,,,algodon,1,1.0,,,,,,,,,,,,None,,False
369,369,Top Crop,9.95,Bangladesh,True,0.48,,0.05,,,,0.47,,,,,,,algodon,3,0.48,modal,0.47,,,,,,,,,,None,,False
370,370,Sudadera,22.95,Pakistan,True,0.85,,,,,0.15,,,,,,,,algodon,2,0.85,poliester,0.15,,RCS,algodon ,,0.15,0.2,,,,OCS,,True
371,371,Camiseta Temporada,12.95,Turquia,True,,,0.08,,,0.92,,,,,,,,poliester,2,0.92,elastano,0.08,,RCS,poliester ,,0.4,,,,,None,,True
372,372,Camiseta Temporada,7.95,Bangladesh,True,1.0,,,,,,,,,,,,,algodon,1,1.0,,,,,,,,,,,,None,,False
373,373,Camiseta Rib,9.95,Bangladesh,True,0.95,,0.05,,,,,,,,,,,algodon,2,0.95,elastano,0.05,OCS,,,0.95,,,,,,OCS,0.95,True
374,374,Camiseta Temporada,15.95,Bangladesh,True,1.0,,,,,,,,,,,,,algodon,1,1.0,,,OCS,,,1.0,,,,,,OCS,1.0,True
375,375,Top Crop,5.95,Bangladesh,True,0.48,,0.05,,,,0.47,,,,,,,algodon,3,0.48,modal,0.47,,,,,,,,,,None,,False
376,376,Camiseta Poliamida,7.95,Bangladesh,True,,0.9,0.1,,,,,,,,,,,poliamida,2,0.9,elastano,0.1,,,poliamida ,,,,0.5,,,RCS,0.5,True
377,377,Sudadera,17.95,Pakistan,True,0.53,,,,,0.47,,,,,,,,algodon,2,0.53,poliester,0.47,,,,,,,,,,None,,False
378,378,Camiseta Algodon Basica,6.95,Bangladesh,True,0.95,,0.05,,,,,,,,,,,algodon,2,0.95,elastano,0.05,,,,,,,,,,None,,False
379,379,Camiseta Temporada,12.95,Marruecos,True,0.94,,0.06,,,,,,,,,,,algodon,2,0.94,elastano,0.06,,RCS,algodon ,,0.33,0.44,,,,OCS,,True
380,380,Camiseta Algodon Basica,12.95,Bangladesh,True,1.0,,,,,,,,,,,,,algodon,1,1.0,,,,,,,,,,,,None,,False
381,381,Sudadera,35.95,Marruecos,True,0.82,,,,,0.18,,,,,,,,algodon,2,0.82,poliester,0.18,,RCS,poliester ,,0.58,0.18,,,,OCS,,True
382,382,Camiseta Rib,7.95,Bangladesh,True,0.95,,0.05,,,,,,,,,,,algodon,2,0.95,elastano,0.05,,,,,,,,,,None,,False
383,383,Sudadera,29.95,Turquia,True,1.0,,,,,,,,,,,,,algodon,1,1.0,,,OCS,,,0.98,,,,,,OCS,0.98,True
384,384,Camiseta Temporada,17.95,Marruecos,True,1.0,,,,,,,,,,,,,algodon,1,1.0,,,,,,,,,,,,None,,False
385,385,Camiseta Temporada,17.95,Turquia,True,1.0,,,,,,,,,,,,,algodon,1,1.0,,,,,,,,,,,,None,,False
386,386,Camiseta Temporada,17.95,Marruecos,True,1.0,,,,,,,,,,,,,algodon,1,1.0,,,OCS,,,1.0,,,,,,OCS,1.0,True
387,387,Camiseta Temporada,17.95,Marruecos,True,1.0,,,,,,,,,,,,,algodon,1,1.0,,,OCS,,,1.0,,,,,,OCS,1.0,True
388,388,Camiseta Temporada,17.95,Marruecos,True,1.0,,,,,,,,,,,,,algodon,1,1.0,,,,,,,,,,,,None,,False
389,389,Camiseta Temporada,5.95,Bangladesh,True,0.95,,0.05,,,,,,,,,,,algodon,2,0.95,elastano,0.05,,,,,,,,,,None,,False
390,390,Camiseta Temporada,12.95,Marruecos,True,0.94,,0.06,,,,,,,,,,,algodon,2,0.94,elastano,0.06,,,,,,,,,,None,,False
391,391,Camiseta Algodon Basica,9.95,Bangladesh,True,1.0,,,,,,,,,,,,,algodon,1,1.0,,,,,,,,,,,,None,,False
392,392,Camiseta Oversize,15.95,Marruecos,True,1.0,,,,,,,,,,,,,algodon,1,1.0,,,,,,,,,,,,None,,False
393,393,Camiseta Oversize,15.95,Pakistan,True,0.85,,0.05,,,0.1,,,,,,,,algodon,3,0.85,elastano,0.05,,RCS,algodon ,,0.1,0.2,,,,OCS,,True
394,394,Camiseta Temporada,15.95,Bangladesh,True,1.0,,,,,,,,,,,,,algodon,1,1.0,,,,RCS,algodon ,,,0.25,,,,OCS,,True
395,395,Camiseta Algodon Basica,6.95,Bangladesh,True,1.0,,,,,,,,,,,,,algodon,1,1.0,,,,,,,,,,,,None,,False
396,396,Camiseta Temporada,15.95,Bangladesh,True,1.0,,,,,,,,,,,,,algodon,1,1.0,,,OCS,,,1.0,,,,,,OCS,1.0,True
397,397,Camiseta Temporada,9.95,Bangladesh,True,1.0,,,,,,,,,,,,,algodon,1,1.0,,,,,,,,,,,,None,,False
398,398,Camiseta Temporada,7.95,Bangladesh,True,1.0,,,,,,,,,,,,,algodon,1,1.0,,,OCS,,,1.0,,,,,,OCS,1.0,True
399,399,Camiseta Temporada,17.95,Turquia,True,0.25,0.04,,,,0.66,,,,0.05,,,,poliester,4,0.66,algodon,0.25,,,,,,,,,,None,,False
400,400,Camiseta Temporada,12.95,Portugal,True,1.0,,,,,,,,,,,,,algodon,1,1.0,,,,,,,,,,,,None,,False
401,401,Camiseta Temporada,15.95,Turquia,True,0.82,,,,,0.18,,,,,,,,algodon,2,0.82,poliester,0.18,,RCS,algodon ,,,0.16,,,,OCS,,True
402,402,Camiseta Temporada,15.95,Marruecos,True,1.0,,,,,,,,,,,,,algodon,1,1.0,,,,,,,,,,,,None,,False
403,403,Camiseta Algodon Basica,15.95,Marruecos,True,1.0,,,,,,,,,,,,,algodon,1,1.0,,,OCS,,,0.5,,,,,,OCS,0.5,True
404,404,Camiseta Temporada,7.95,Bangladesh,True,1.0,,,,,,,,,,,,,algodon,1,1.0,,,,,,,,,,,,None,,False
405,405,Camiseta Rib,6.95,Bangladesh,True,0.95,,0.05,,,,,,,,,,,algodon,2,0.95,elastano,0.05,,,,,,,,,,None,,False
406,406,Camiseta Rib,9.95,Bangladesh,True,0.95,,0.05,,,,,,,,,,,algodon,2,0.95,elastano,0.05,OCS,,,0.95,,,,,,OCS,0.95,True
407,407,Camiseta Temporada,12.95,Bangladesh,True,0.95,,0.05,,,,,,,,,,,algodon,2,0.95,elastano,0.05,,,,,,,,,,None,,False
408,408,Camiseta Temporada,9.95,Bangladesh,True,0.5,,,,,0.5,,,,,,,,algodon,2,0.5,poliester,0.5,,RCS,poliester ,,0.5,,,,,None,,True
409,409,Camiseta Temporada,22.95,Turquia,True,0.47,,,,,0.53,,,,,,,,poliester,2,0.53,algodon,0.47,,RCS,poliester ,,0.2,0.47,,,,OCS,,True
410,410,Camiseta Algodon Basica,12.95,Marruecos,True,1.0,,,,,,,,,,,,,algodon,1,1.0,,,,,,,,,,,,None,,False
411,411,Camiseta Algodon Basica,12.95,Bangladesh,True,1.0,,,,,,,,,,,,,algodon,1,1.0,,,,,,,,,,,,None,,False
412,412,Camiseta Temporada,17.95,Bangladesh,True,1.0,,,,,,,,,,,,,algodon,1,1.0,,,OCS,,,1.0,,,,,,OCS,1.0,True
413,413,Camiseta Temporada,15.95,Bangladesh,True,0.99,,,,0.01,,,,,,,,,algodon,2,0.99,viscosa,0.01,,,,,,,,,,None,,False
414,414,Camiseta Temporada,15.95,Turquia,True,1.0,,,,,,,,,,,,,algodon,1,1.0,,,,RCS,algodon ,,,0.2,,,,OCS,,True
415,415,Camiseta Temporada,15.95,Marruecos,True,1.0,,,,,,,,,,,,,algodon,1,1.0,,,,,,,,,,,,None,,False
416,416,Camiseta Temporada,7.95,Bangladesh,True,1.0,,,,,,,,,,,,,algodon,1,1.0,,,,,,,,,,,,None,,False
417,417,Sudadera,35.95,Portugal,True,0.84,,,,,0.16,,,,,,,,algodon,2,0.84,poliester,0.16,,RCS,algodon ,,,0.16,,,,OCS,,True
418,418,Camiseta Temporada,15.95,Bangladesh,True,1.0,,,,,,,,,,,,,algodon,1,1.0,,,,,,,,,,,,None,,False
419,419,Camiseta Algodon Basica,15.95,Marruecos,True,1.0,,,,,,,,,,,,,algodon,1,1.0,,,,,,,,,,,,None,,False
420,420,Camiseta Temporada,15.95,Portugal,True,1.0,,,,,,,,,,,,,algodon,1,1.0,,,OCS,,,1.0,,,,,,OCS,1.0,True
421,421,Camiseta Rib,4.95,Bangladesh,True,0.95,,0.05,,,,,,,,,,,algodon,2,0.95,elastano,0.05,,,,,,,,,,None,,False
422,422,Camiseta Rib,7.95,Bangladesh,True,0.95,,0.05,,,,,,,,,,,algodon,2,0.95,elastano,0.05,,,,,,,,,,None,,False
423,423,Camiseta Rib,19.95,China,True,,,,,,,,,,,0.9,0.1,,acrilico,2,0.9,lana,0.1,,RCS,,,,,,0.4,,None,,True
424,424,Camiseta Algodon Basica,6.95,Bangladesh,True,1.0,,,,,,,,,,,,,algodon,1,1.0,,,,,,,,,,,,None,,False
425,425,Camiseta Algodon Basica,12.95,Bangladesh,True,1.0,,,,,,,,,,,,,algodon,1,1.0,,,,,,,,,,,,None,,False
426,426,Camiseta Temporada,12.95,Marruecos,True,1.0,,,,,,,,,,,,,algodon,1,1.0,,,,,,,,,,,,None,,False
427,427,Camiseta Algodon Basica,7.95,Bangladesh,True,0.48,,0.05,,,,0.47,,,,,,,algodon,3,0.48,modal,0.47,,,,,,,,,,None,,False
428,428,Camiseta Poliamida,12.95,Turquia,True,,0.94,0.06,,,,,,,,,,,poliamida,2,0.94,elastano,0.06,,,poliamida ,,,,0.47,,,RCS,0.47,True
429,429,Camiseta Temporada,6.95,Marruecos,True,1.0,,,,,,,,,,,,,algodon,1,1.0,,,,,,,,,,,,None,,False
430,430,Sudadera,25.95,Turquia,True,0.68,,,,,0.32,,,,,,,,algodon,2,0.68,poliester,0.32,,RCS,algodon ,,,0.25,,,,OCS,,True
431,431,Camiseta Temporada,5.95,Bangladesh,True,1.0,,,,,,,,,,,,,algodon,1,1.0,,,,,,,,,,,,None,,False
432,432,Camiseta Temporada,17.95,Marruecos,True,1.0,,,,,,,,,,,,,algodon,1,1.0,,,,,,,,,,,,None,,False
433,433,Camiseta Oversize,17.95,Portugal,True,1.0,,,,,,,,,,,,,algodon,1,1.0,,,,,,,,,,,,None,,False
434,434,Camiseta Rib,12.95,Bangladesh,True,0.95,,0.05,,,,,,,,,,,algodon,2,0.95,elastano,0.05,,,,,,,,,,None,,False
435,435,Camiseta Temporada,12.95,Portugal,True,1.0,,,,,,,,,,,,,algodon,1,1.0,,,,,,,,,,,,None,,False
436,436,Top Crop,6.95,Bangladesh,True,0.95,,0.05,,,,,,,,,,,algodon,2,0.95,elastano,0.05,OCS,,,0.95,,,,,,OCS,0.95,True
437,437,Sudadera,19.95,Bangladesh,True,0.6,,,,,0.4,,,,,,,,algodon,2,0.6,poliester,0.4,,RCS,poliester ,,0.4,,,,,None,,True
438,438,Camiseta Temporada,12.95,Portugal,True,1.0,,,,,,,,,,,,,algodon,1,1.0,,,,,,,,,,,,None,,False
439,439,Camiseta Temporada,15.95,Marruecos,True,1.0,,,,,,,,,,,,,algodon,1,1.0,,,,,,,,,,,,None,,False
440,440,Camiseta Temporada,15.95,Turquia,True,1.0,,,,,,,,,,,,,algodon,1,1.0,,,,RCS,algodon ,,,0.2,,,,OCS,,True
441,441,Camiseta Temporada,15.95,Marruecos,True,1.0,,,,,,,,,,,,,algodon,1,1.0,,,,,,,,,,,,None,,False
442,442,Camiseta Temporada,17.95,Bangladesh,True,0.8,,,,,0.2,,,,,,,,algodon,2,0.8,poliester,0.2,,,,,,,,,,None,,False
443,443,Camiseta Temporada,6.95,Marruecos,True,1.0,,,,,,,,,,,,,algodon,1,1.0,,,OCS,,,0.5,,,,,,OCS,0.5,True
444,444,Camiseta Temporada,17.95,Turquia,True,1.0,,,,,,,,,,,,,algodon,1,1.0,,,,,,,,,,,,None,,False
445,445,Sudadera,22.95,Bangladesh,True,0.74,,,,0.01,0.25,,,,,,,,algodon,3,0.74,poliester,0.25,,,,,,,,,,None,,False
446,446,Camiseta Temporada,5.95,Bangladesh,True,0.95,,0.05,,,,,,,,,,,algodon,2,0.95,elastano,0.05,,,,,,,,,,None,,False
447,447,Camiseta Temporada,5.95,Bangladesh,True,1.0,,,,,,,,,,,,,algodon,1,1.0,,,,,,,,,,,,None,,False
448,448,Camiseta Algodon Basica,9.95,Bangladesh,True,1.0,,,,,,,,,,,,,algodon,1,1.0,,,,,,,,,,,,None,,False
449,449,Camiseta Algodon Basica,7.95,Bangladesh,True,1.0,,,,,,,,,,,,,algodon,1,1.0,,,OCS,,,1.0,,,,,,OCS,1.0,True
450,450,Camiseta Temporada,5.95,Bangladesh,True,0.95,,0.05,,,,,,,,,,,algodon,2,0.95,elastano,0.05,,,,,,,,,,None,,False
451,451,Camiseta Poliamida,9.95,Turquia,True,,0.93,0.07,,,,,,,,,,,poliamida,2,0.93,elastano,0.07,,,poliamida ,,,,0.5,,,RCS,0.5,True
452,452,Top Crop,6.95,Bangladesh,True,0.95,,0.05,,,,,,,,,,,algodon,2,0.95,elastano,0.05,OCS,,,0.95,,,,,,OCS,0.95,True
453,453,Camiseta Temporada,12.95,Turquia,True,,,0.08,,,0.92,,,,,,,,poliester,2,0.92,elastano,0.08,,RCS,poliester ,,0.4,,,,,None,,True
454,454,Camiseta Temporada,12.95,Marruecos,True,1.0,,,,,,,,,,,,,algodon,1,1.0,,,,,,,,,,,,None,,False
455,455,Camiseta Temporada,17.95,Marruecos,True,0.86,,,,,0.14,,,,,,,,algodon,2,0.86,poliester,0.14,,,,,,,,,,None,,False
456,456,Sudadera,22.95,Pakistan,True,0.85,,,,,0.15,,,,,,,,algodon,2,0.85,poliester,0.15,,RCS,algodon ,,0.15,0.2,,,,OCS,,True
457,457,Camiseta Poliamida,12.95,Turquia,True,,0.94,0.06,,,,,,,,,,,poliamida,2,0.94,elastano,0.06,,,poliamida ,,,,0.47,,,RCS,0.47,True
458,458,Camiseta Temporada,12.95,Marruecos,True,1.0,,,,,,,,,,,,,algodon,1,1.0,,,,,,,,,,,,None,,False
459,459,Camiseta Temporada,12.95,Marruecos,True,1.0,,,,,,,,,,,,,algodon,1,1.0,,,,,,,,,,,,None,,False
460,460,Sudadera,17.95,Pakistan,True,0.53,,,,,0.47,,,,,,,,algodon,2,0.53,poliester,0.47,,RCS,poliester ,,0.47,,,,,None,,True
461,461,Camiseta Poliamida,9.95,Turquia,True,,0.94,0.06,,,,,,,,,,,poliamida,2,0.94,elastano,0.06,,,poliamida ,,,,0.71,,,RCS,0.71,True
462,462,Camiseta Temporada,12.95,Portugal,True,1.0,,,,,,,,,,,,,algodon,1,1.0,,,,,,,,,,,,None,,False
463,463,Top Crop,5.95,Turquia,True,,,0.04,,0.96,,,,,,,,,viscosa,2,0.96,elastano,0.04,,,,,,,,,,None,,False
464,464,Sudadera,22.95,Pakistan,True,0.85,,,,,0.15,,,,,,,,algodon,2,0.85,poliester,0.15,,RCS,algodon ,,0.15,0.2,,,,OCS,,True
465,465,Camiseta Temporada,15.95,Turquia,True,1.0,,,,,,,,,,,,,algodon,1,1.0,,,OCS,,,1.0,,,,,,OCS,1.0,True
466,466,Camiseta Temporada,15.95,Bangladesh,True,0.95,,0.05,,,,,,,,,,,algodon,2,0.95,elastano,0.05,,,,,,,,,,None,,False
467,467,Camiseta Temporada,15.95,Marruecos,True,0.88,,,,0.12,,,,,,,,,algodon,2,0.88,viscosa,0.12,,,,,,,,,,None,,False
468,468,Camiseta Oversize,15.95,Marruecos,True,1.0,,,,,,,,,,,,,algodon,1,1.0,,,,,,,,,,,,None,,False
469,469,Camiseta Temporada,15.95,Portugal,True,1.0,,,,,,,,,,,,,algodon,1,1.0,,,OCS,,,1.0,,,,,,OCS,1.0,True
470,470,Camiseta Poliamida,7.95,Bangladesh,True,,0.9,0.1,,,,,,,,,,,poliamida,2,0.9,elastano,0.1,,,poliamida ,,,,0.5,,,RCS,0.5,True
471,471,Camiseta Algodon Basica,12.95,Marruecos,True,1.0,,,,,,,,,,,,,algodon,1,1.0,,,,,,,,,,,,None,,False
472,472,Camiseta Temporada,17.95,China,True,,,0.05,,0.13,0.82,,,,,,,,poliester,3,0.82,viscosa,0.13,,RCS,poliester ,,0.4,,,,,None,,True
473,473,Sudadera,17.95,Pakistan,True,0.53,,,,,0.47,,,,,,,,algodon,2,0.53,poliester,0.47,,RCS,poliester ,,0.47,,,,,None,,True
474,474,Camiseta Temporada,17.95,Turquia,True,1.0,,,,,,,,,,,,,algodon,1,1.0,,,OCS,,,1.0,,,,,,OCS,1.0,True
475,475,Sudadera,29.95,Camboya,True,0.59,,,,,0.41,,,,,,,,algodon,2,0.59,poliester,0.41,,RCS,poliester ,,0.4,,,,,None,,True
476,476,Sudadera,25.95,China,True,0.85,,,,,0.15,,,,,,,,algodon,2,0.85,poliester,0.15,,RCS,algodon ,,,0.15,,,,OCS,,True
477,477,Camiseta Algodon Basica,6.95,Bangladesh,True,1.0,,,,,,,,,,,,,algodon,1,1.0,,,,,,,,,,,,None,,False
478,478,Camiseta Temporada,8.95,Bangladesh,True,0.95,,0.05,,,,,,,,,,,algodon,2,0.95,elastano,0.05,,,,,,,,,,None,,False
479,479,Camiseta Rib,7.95,Bangladesh,True,0.58,,0.05,,,0.37,,,,,,,,algodon,3,0.58,poliester,0.37,,,,,,,,,,None,,False
480,480,Camiseta Rib,4.95,Bangladesh,True,0.95,,0.05,,,,,,,,,,,algodon,2,0.95,elastano,0.05,,,,,,,,,,None,,False
481,481,Camiseta Poliamida,9.95,Turquia,True,,0.94,0.06,,,,,,,,,,,poliamida,2,0.94,elastano,0.06,,,poliamida ,,,,0.47,,,RCS,0.47,True
482,482,Camiseta Rib,8.95,Bangladesh,True,0.95,,0.05,,,,,,,,,,,algodon,2,0.95,elastano,0.05,,,,,,,,,,None,,False
483,483,Sudadera,19.95,Bangladesh,True,0.6,,,,,0.4,,,,,,,,algodon,2,0.6,poliester,0.4,,RCS,poliester ,,0.4,,,,,None,,True
484,484,Camiseta Temporada,15.95,Marruecos,True,1.0,,,,,,,,,,,,,algodon,1,1.0,,,,,,,,,,,,None,,False
485,485,Camiseta Temporada,15.95,Portugal,True,1.0,,,,,,,,,,,,,algodon,1,1.0,,,,,,,,,,,,None,,False
486,486,Camiseta Poliamida,15.95,China,True,,0.92,0.03,,,,,,,0.05,,,,poliamida,3,0.92,fibra,0.05,,,poliamida ,,,,0.92,,,RCS,0.92,True
487,487,Camiseta Rib,15.95,Marruecos,True,0.96,,0.04,,,,,,,,,,,algodon,2,0.96,elastano,0.04,,,,,,,,,,None,,False
488,488,Camiseta Algodon Basica,7.95,Bangladesh,True,1.0,,,,,,,,,,,,,algodon,1,1.0,,,,,,,,,,,,None,,False
489,489,Camiseta Algodon Basica,12.95,Marruecos,True,1.0,,,,,,,,,,,,,algodon,1,1.0,,,,,,,,,,,,None,,False
490,490,Camiseta Temporada,12.95,Marruecos,True,1.0,,,,,,,,,,,,,algodon,1,1.0,,,,,,,,,,,,None,,False
491,491,Camiseta Algodon Basica,12.95,Marruecos,True,1.0,,,,,,,,,,,,,algodon,1,1.0,,,,,,,,,,,,None,,False
492,492,Camiseta Temporada,12.95,Marruecos,True,1.0,,,,,,,,,,,,,algodon,1,1.0,,,,,,,,,,,,None,,False
493,493,Camiseta Temporada,12.95,Marruecos,True,1.0,,,,,,,,,,,,,algodon,1,1.0,,,,,,,,,,,,None,,False
494,494,Camiseta Algodon Basica,12.95,Bangladesh,True,1.0,,,,,,,,,,,,,algodon,1,1.0,,,OCS,,,1.0,,,,,,OCS,1.0,True
495,495,Camiseta Rib,12.95,Marruecos,True,0.42,,0.02,,,0.56,,0.05,,,,,,poliester,4,0.56,algodon,0.42,,RCS,algodon ,,0.56,0.42,,,,OCS,,True
496,496,Camiseta Rib,12.95,Turquia,True,0.94,,0.06,,,,,,,,,,,algodon,2,0.94,elastano,0.06,,,,,,,,,,None,,False
497,497,Camiseta Temporada,12.95,Bangladesh,True,,,,,1.0,,,,,,,,,viscosa,1,1.0,,,,,,,,,,,,None,,False
498,498,Camiseta Algodon Basica,12.95,Marruecos,True,1.0,,,,,,,,,,,,,algodon,1,1.0,,,,,,,,,,,,None,,False
499,499,Camiseta Temporada,12.95,Marruecos,True,0.94,,0.06,,,,,,,,,,,algodon,2,0.94,elastano,0.06,,RCS,algodon ,,0.33,0.44,,,,OCS,,True
500,500,Camiseta Temporada,17.95,Turquia,True,1.0,,,,,,,,,,,,,algodon,1,1.0,,,,,,,,,,,,None,,False
501,501,Camiseta Oversize,17.95,Portugal,True,1.0,,,,,,,,,,,,,algodon,1,1.0,,,,,,,,,,,,None,,False
502,502,Sudadera,25.95,Turquia,True,0.35,,,,,0.65,,,,,,,,poliester,2,0.65,algodon,0.35,,,,,,,,,,None,,False
503,503,Camiseta Temporada,15.95,Marruecos,True,1.0,,,,,,,,,,,,,algodon,1,1.0,,,,,,,,,,,,None,,False
504,504,Camiseta Temporada,15.95,Bangladesh,True,0.95,,0.05,,,,,,,,,,,algodon,2,0.95,elastano,0.05,,,,,,,,,,None,,False
505,505,Camiseta Temporada,15.95,Turquia,True,0.82,,,,,0.18,,,,,,,,algodon,2,0.82,poliester,0.18,,RCS,algodon ,,,0.16,,,,OCS,,True
506,506,Camiseta Temporada,15.95,Marruecos,True,1.0,,,,,,,,,,,,,algodon,1,1.0,,,,,,,,,,,,None,,False
507,507,Camiseta Temporada,15.95,Turquia,True,1.0,,,,,,,,,,,,,algodon,1,1.0,,,OCS,,,1.0,,,,,,OCS,1.0,True
508,508,Camiseta Algodon Basica,15.95,Marruecos,True,1.0,,,,,,,,,,,,,algodon,1,1.0,,,,,,,,,,,,None,,False
509,509,Camiseta Algodon Basica,6.95,Bangladesh,True,1.0,,,,,,,,,,,,,algodon,1,1.0,,,,,,,,,,,,None,,False
510,510,Camiseta Temporada,6.95,Marruecos,True,1.0,,,,,,,,,,,,,algodon,1,1.0,,,,,,,,,,,,None,,False
511,511,Camiseta Rib,6.95,Bangladesh,True,0.95,,0.05,,,,,,,,,,,algodon,2,0.95,elastano,0.05,,,,,,,,,,None,,False
512,512,Camiseta Algodon Basica,7.95,Bangladesh,True,0.48,,0.05,,,,0.47,,,,,,,algodon,3,0.48,modal,0.47,,,,,,,,,,None,,False
513,513,Camiseta Temporada,22.95,Turquia,True,,,0.05,,0.45,0.5,,,,,,,,poliester,3,0.5,viscosa,0.45,,RCS,poliester ,,0.4,,,,,None,,True
514,514,Camiseta Temporada,9.95,Bangladesh,True,1.0,,,,,,,,,,,,,algodon,1,1.0,,,,,,,,,,,,None,,False
515,515,Camiseta Temporada,6.95,Marruecos,True,1.0,,,,,,,,,,,,,algodon,1,1.0,,,,,,,,,,,,None,,False
516,516,Camiseta Temporada,5.95,Bangladesh,True,0.95,,0.05,,,,,,,,,,,algodon,2,0.95,elastano,0.05,,,,,,,,,,None,,False
517,517,Camiseta Temporada,5.95,Bangladesh,True,0.95,,0.05,,,,,,,,,,,algodon,2,0.95,elastano,0.05,,,,,,,,,,None,,False
518,518,Camiseta Temporada,5.95,Bangladesh,True,1.0,,,,,,,,,,,,,algodon,1,1.0,,,,,,,,,,,,None,,False
519,519,Sudadera,17.95,Pakistan,True,1.0,,,,,,,,,,,,,algodon,1,1.0,,,,,,,,,,,,None,,False
520,520,Sudadera,17.95,Pakistan,True,0.53,,,,,0.47,,,,,,,,algodon,2,0.53,poliester,0.47,,,,,,,,,,None,,False
521,521,Camiseta Temporada,17.95,Turquia,True,1.0,,,,,,,,,,,,,algodon,1,1.0,,,,,,,,,,,,None,,False
522,522,Camiseta Rib,9.95,Turquia,True,0.94,,0.06,,,,,,,,,,,algodon,2,0.94,elastano,0.06,,,,,,,,,,None,,False
523,523,Camiseta Temporada,12.95,Turquia,True,,,0.03,,0.97,,,,,,,,,viscosa,2,0.97,elastano,0.03,,,,,,,,,,None,,False
524,524,Camiseta Temporada,12.95,Turquia,True,,,0.03,,0.97,,,,,,,,,viscosa,2,0.97,elastano,0.03,,,,,,,,,,None,,False
525,525,Camiseta Temporada,12.95,Bangladesh,True,1.0,,,,,,,,,,,,,algodon,1,1.0,,,,,,,,,,,,None,,False
526,526,Camiseta Temporada,12.95,Bangladesh,True,1.0,,,,,,,,,,,,,algodon,1,1.0,,,,,,,,,,,,None,,False
527,527,Camiseta Rib,12.95,Portugal,True,1.0,,,,,,,,,,,,,algodon,1,1.0,,,,,,,,,,,,None,,False
528,528,Camiseta Temporada,12.95,Turquia,True,,,,,,1.0,,,,,,,,poliester,1,1.0,,,,RCS,poliester ,,0.75,,,,,None,,True
529,529,Camiseta Temporada,12.95,Marruecos,True,0.84,,0.06,,,0.1,,,,,,,,algodon,3,0.84,elastano,0.06,,,,,,,,,,None,,False
530,530,Camiseta Temporada,19.95,Marruecos,True,1.0,,,,,,,,,,,,,algodon,1,1.0,,,,,,,,,,,,None,,False
531,531,Camiseta Temporada,19.95,Marruecos,True,1.0,,,,,,,,,,,,,algodon,1,1.0,,,,,,,,,,,,None,,False
532,532,Camiseta Temporada,19.95,Portugal,True,1.0,,,,,,,,,,,,,algodon,1,1.0,,,,,,,,,,,,None,,False
533,533,Camiseta Temporada,15.95,Marruecos,True,1.0,,,,,,,,,,,,,algodon,1,1.0,,,,,,,,,,,,None,,False
534,534,Camiseta Temporada,15.95,Marruecos,True,0.5,,,,,0.5,,,,,,,,algodon,2,0.5,poliester,0.5,,RCS,poliester ,,0.5,,,,,None,,True
535,535,Camiseta Algodon Basica,15.95,Portugal,True,1.0,,,,,,,,,,,,,algodon,1,1.0,,,,,,,,,,,,None,,False
536,536,Camiseta Temporada,15.95,Marruecos,True,0.88,,,,0.12,,,,,,,,,algodon,2,0.88,viscosa,0.12,,,,,,,,,,None,,False
537,537,Camiseta Rib,15.95,Marruecos,True,1.0,,,,,,,,,,,,,algodon,1,1.0,,,,,,,,,,,,None,,False
538,538,Camiseta Temporada,7.95,Bangladesh,True,1.0,,,,,,,,,,,,,algodon,1,1.0,,,,,,,,,,,,None,,False
539,539,Camiseta Temporada,7.95,Bangladesh,True,1.0,,,,,,,,,,,,,algodon,1,1.0,,,OCS,,,1.0,,,,,,OCS,1.0,True
540,540,Sudadera,29.95,Marruecos,True,1.0,,,,,,,,,,,,,algodon,1,1.0,,,,,,,,,,,,None,,False
541,541,Camiseta Rib,6.95,Bangladesh,True,0.95,,0.05,,,,,,,,,,,algodon,2,0.95,elastano,0.05,,,,,,,,,,None,,False
542,542,Camiseta Temporada,17.95,Turquia,True,1.0,,,,,,,,,,,,,algodon,1,1.0,,,OCS,,,1.0,,,,,,OCS,1.0,True
543,543,Sudadera,17.95,Turquia,True,0.71,,,,,0.29,,,,,,,,algodon,2,0.71,poliester,0.29,,RCS,poliester ,,0.29,0.26,,,,OCS,,True
544,544,Sudadera,17.95,Pakistan,True,0.53,,,,,0.47,,,,,,,,algodon,2,0.53,poliester,0.47,,,,,,,,,,None,,False
545,545,Sudadera,17.95,Pakistan,True,1.0,,,,,,,,,,,,,algodon,1,1.0,,,,,,,,,,,,None,,False
546,546,Camiseta Temporada,17.95,Portugal,True,0.7,,,0.3,,,,,,,,,,algodon,2,0.7,lino,0.3,,,,,,,,,,None,,False
547,547,Camiseta Temporada,17.95,Portugal,True,0.7,,,0.3,,,,,,,,,,algodon,2,0.7,lino,0.3,,,,,,,,,,None,,False
548,548,Camiseta Temporada,12.95,Turquia,True,,,0.08,,,0.92,,,,,,,,poliester,2,0.92,elastano,0.08,,RCS,poliester ,,0.4,,,,,None,,True
549,549,Camiseta Algodon Basica,12.95,Marruecos,True,1.0,,,,,,,,,,,,,algodon,1,1.0,,,,,,,,,,,,None,,False
550,550,Camiseta Algodon Basica,6.95,Bangladesh,True,1.0,,,,,,,,,,,,,algodon,1,1.0,,,,,,,,,,,,None,,False
551,551,Camiseta Rib,12.95,Bangladesh,True,0.95,,0.05,,,,,,,,,,,algodon,2,0.95,elastano,0.05,,,,,,,,,,None,,False
552,552,Camiseta Temporada,12.95,Marruecos,True,1.0,,,,,,,,,,,,,algodon,1,1.0,,,,,,,,,,,,None,,False
553,553,Camiseta Temporada,12.95,Marruecos,True,1.0,,,,,,,,,,,,,algodon,1,1.0,,,,,,,,,,,,None,,False
554,554,Camiseta Temporada,15.95,Marruecos,True,0.88,,,,0.12,,,,,,,,,algodon,2,0.88,viscosa,0.12,,,,,,,,,,None,,False
555,555,Camiseta Temporada,15.95,Portugal,True,1.0,,,,,,,,,,,,,algodon,1,1.0,,,,,,,,,,,,None,,False
556,556,Camiseta Temporada,15.95,Marruecos,True,0.5,,,,,0.5,,,,,,,,algodon,2,0.5,poliester,0.5,,RCS,poliester ,,0.5,,,,,None,,True
557,557,Camiseta Rib,15.95,Marruecos,True,,,,0.2,,,,,0.8,,,,,liocel,2,0.8,lino,0.2,,,,,,,,,,None,,False
558,558,Camiseta Heavy Cotton,15.95,Bangladesh,True,1.0,,,,,,,,,,,,,algodon,1,1.0,,,OCS,,,1.0,,,,,,OCS,1.0,True
559,559,Camiseta Temporada,15.95,Bangladesh,True,0.95,,0.05,,,,,,,,,,,algodon,2,0.95,elastano,0.05,,,,,,,,,,None,,False
560,560,Sudadera,25.95,Bangladesh,True,0.55,,,,,0.45,,,,,,,,algodon,2,0.55,poliester,0.45,,RCS,poliester ,,0.45,,,,,None,,True
561,561,Sudadera,22.95,Pakistan,True,1.0,,,,,,,,,,,,,algodon,1,1.0,,,,,,,,,,,,None,,False
562,562,Sudadera,22.95,Pakistan,True,1.0,,,,,,,,,,,,,algodon,1,1.0,,,,,,,,,,,,None,,False
563,563,Camiseta Rib,12.95,Bangladesh,True,0.95,,0.05,,,,,,,,,,,algodon,2,0.95,elastano,0.05,,,,,,,,,,None,,False
564,564,Camiseta Heavy Cotton,12.95,Bangladesh,True,1.0,,,,,,,,,,,,,algodon,1,1.0,,,,,,,,,,,,None,,False
565,565,Camiseta Temporada,12.95,Marruecos,True,1.0,,,,,,,,,,,,,algodon,1,1.0,,,,,,,,,,,,None,,False
566,566,Camiseta Poliamida,6.95,Marruecos,True,,0.94,0.06,,,,,,,,,,,poliamida,2,0.94,elastano,0.06,,,,,,,,,,None,,False
567,567,Camiseta Temporada,15.95,Portugal,True,1.0,,,,,,,,,,,,,algodon,1,1.0,,,,,,,,,,,,None,,False
568,568,Camiseta Temporada,15.95,Marruecos,True,0.5,,,,,0.5,,,,,,,,algodon,2,0.5,poliester,0.5,,RCS,poliester ,,0.5,,,,,None,,True
569,569,Camiseta Temporada,15.95,Marruecos,True,,,,,,1.0,,,,,,,,poliester,1,1.0,,,,,,,,,,,,None,,False
570,570,Camiseta Oversize,15.95,Marruecos,True,1.0,,,,,,,,,,,,,algodon,1,1.0,,,,,,,,,,,,None,,False
571,571,Camiseta Algodon Basica,15.95,Portugal,True,1.0,,,,,,,,,,,,,algodon,1,1.0,,,,,,,,,,,,None,,False
572,572,Camiseta Temporada,15.95,Portugal,True,,,,0.3,0.7,,,,,,,,,viscosa,2,0.7,lino,0.3,,,,,,,,,,None,,False
573,573,Camiseta Rib,7.95,Bangladesh,True,0.95,,0.05,,,,,,,,,,,algodon,2,0.95,elastano,0.05,,,,,,,,,,None,,False
574,574,Camiseta Temporada,5.95,Bangladesh,True,1.0,,,,,,,,,,,,,algodon,1,1.0,,,,,,,,,,,,None,,False
575,575,Camiseta Oversize,25.95,China,True,0.57,,,,,0.43,,,,,,,,algodon,2,0.57,poliester,0.43,,RCS,poliester ,,0.4,,0.28,,,RCS,0.28,True
576,576,Camiseta Poliamida,9.95,Turquia,True,,0.93,0.07,,,,,,,,,,,poliamida,2,0.93,elastano,0.07,,,poliamida ,,,,0.5,,,RCS,0.5,True
577,577,Camiseta Temporada,5.95,Bangladesh,True,0.95,,0.05,,,,,,,,,,,algodon,2,0.95,elastano,0.05,,,,,,,,,,None,,False
578,578,Camiseta Rib,12.95,Bangladesh,True,0.95,,0.05,,,,,,,,,,,algodon,2,0.95,elastano,0.05,,,,,,,,,,None,,False
579,579,Top Crop,9.95,Bangladesh,True,0.48,,0.05,,,,0.47,,,,,,,algodon,3,0.48,modal,0.47,,,,,,,,,,None,,False
580,580,Camiseta Rib,9.95,Bangladesh,True,0.95,,0.05,,,,,,,,,,,algodon,2,0.95,elastano,0.05,OCS,,,0.95,,,,,,OCS,0.95,True
581,581,Camiseta Rib,9.95,Bangladesh,True,0.95,,0.05,,,,,,,,,,,algodon,2,0.95,elastano,0.05,,,,,,,,,,None,,False
582,582,Top Crop,5.95,Turquia,True,,,0.04,,0.96,,,,,,,,,viscosa,2,0.96,elastano,0.04,,,,,,,,,,None,,False
583,583,Camiseta Temporada,17.95,Turquia,True,0.96,,0.04,,,,,,,,,,,algodon,2,0.96,elastano,0.04,,,,,,,,,,None,,False
584,584,Camiseta Oversize,17.95,Portugal,True,1.0,,,,,,,,,,,,,algodon,1,1.0,,,,,,,,,,,,None,,False
585,585,Sudadera,17.95,Pakistan,True,1.0,,,,,,,,,,,,,algodon,1,1.0,,,,,,,,,,,,None,,False
586,586,Camiseta Temporada,12.95,Portugal,True,1.0,,,,,,,,,,,,,algodon,1,1.0,,,,,,,,,,,,None,,False
587,587,Camiseta Algodon Enzimatico,8.95,Bangladesh,True,1.0,,,,,,,,,,,,,algodon,1,1.0,,,,,,,,,,,,None,,False
588,588,Camiseta Temporada,6.95,Marruecos,True,1.0,,,,,,,,,,,,,algodon,1,1.0,,,,,,,,,,,,None,,False
589,589,Camiseta Temporada,6.95,Bangladesh,True,0.95,,0.05,,,,,,,,,,,algodon,2,0.95,elastano,0.05,,,,,,,,,,None,,False
590,590,Camiseta Temporada,12.95,Marruecos,True,0.94,,0.06,,,,,,,,,,,algodon,2,0.94,elastano,0.06,,RCS,poliester ,,0.29,0.56,,,0.06,OCS,,True
591,591,Camiseta Temporada,15.95,Turquia,True,1.0,,,,,,,,,,,,,algodon,1,1.0,,,,,,,,,,,,None,,False
592,592,Camiseta Rib,15.95,Marruecos,True,,,,,,,1.0,,,,,,,modal,1,1.0,,,,,,,,,,,,None,,False
593,593,Camiseta Temporada,15.95,Marruecos,True,1.0,,,,,,,,,,,,,algodon,1,1.0,,,,,,,,,,,,None,,False
594,594,Camiseta Algodon Basica,15.95,Marruecos,True,1.0,,,,,,,,,,,,,algodon,1,1.0,,,,,,,,,,,,None,,False
595,595,Camiseta Temporada,15.95,Marruecos,True,1.0,,,,,,,,,,,,,algodon,1,1.0,,,,,,,,,,,,None,,False
596,596,Camiseta Temporada,15.95,Turquia,True,0.82,,,,,0.18,,,,,,,,algodon,2,0.82,poliester,0.18,,RCS,algodon ,,,0.16,,,,OCS,,True
597,597,Camiseta Temporada,7.95,Bangladesh,True,1.0,,,,,,,,,,,,,algodon,1,1.0,,,,,,,,,,,,None,,False
598,598,Camiseta Temporada,7.95,Bangladesh,True,1.0,,,,,,,,,,,,,algodon,1,1.0,,,OCS,,,1.0,,,,,,OCS,1.0,True
599,599,Sudadera,25.95,Bangladesh,True,0.55,,,,,0.45,,,,,,,,algodon,2,0.55,poliester,0.45,,RCS,poliester ,,0.45,0.1,,,,OCS,,True
600,600,Sudadera,29.95,Marruecos,True,0.82,,,,,0.18,,,,,,,,algodon,2,0.82,poliester,0.18,,RCS,algodon ,,,0.18,,,,OCS,,True
602,602,Camiseta Temporada,8.95,Bangladesh,True,0.95,,0.05,,,,,,,,,,,algodon,2,0.95,elastano,0.05,,,,,,,,,,None,,False
603,603,Camiseta Temporada,12.95,Portugal,True,1.0,,,,,,,,,,,,,algodon,1,1.0,,,,,,,,,,,,None,,False
604,604,Camiseta Temporada,12.95,Marruecos,True,1.0,,,,,,,,,,,,,algodon,1,1.0,,,,,,,,,,,,None,,False
605,605,Camiseta Temporada,12.95,Turquia,True,1.0,,,,,,,,,,,,,algodon,1,1.0,,,OCS,,,1.0,,,,,,OCS,1.0,True
606,606,Camiseta Rib,12.95,Marruecos,True,1.0,,,,,,,,,,,,,algodon,1,1.0,,,OCS,,,0.5,,,,,,OCS,0.5,True
607,607,Camiseta Temporada,12.95,Marruecos,True,1.0,,,,,,,,,,,,,algodon,1,1.0,,,,,,,,,,,,None,,False
608,608,Sudadera,25.95,Bangladesh,True,0.55,,,,,0.45,,,,,,,,algodon,2,0.55,poliester,0.45,,RCS,poliester ,,0.45,,,,,None,,True
609,609,Sudadera,25.95,Turquia,True,0.66,,,,,0.34,,,,,,,,algodon,2,0.66,poliester,0.34,,RCS,algodon ,,,0.25,,,,OCS,,True
610,610,Camiseta Temporada,12.95,Marruecos,True,1.0,,,,,,,,,,,,,algodon,1,1.0,,,,,,,,,,,,None,,False
611,611,Camiseta Rib,4.95,Bangladesh,True,0.95,,0.05,,,,,,,,,,,algodon,2,0.95,elastano,0.05,,,,,,,,,,None,,False
612,612,Camiseta Temporada,5.95,Bangladesh,True,1.0,,,,,,,,,,,,,algodon,1,1.0,,,,,,,,,,,,None,,False
613,613,Camiseta Temporada,15.95,Turquia,True,1.0,,,,,,,,,,,,,algodon,1,1.0,,,OCS,,,1.0,,,,,,OCS,1.0,True
614,614,Camiseta Temporada,15.95,Marruecos,True,1.0,,,,,,,,,,,,,algodon,1,1.0,,,,,,,,,,,,None,,False
615,615,Sudadera,22.95,Turquia,True,0.63,,,,,0.37,,,,,,,,algodon,2,0.63,poliester,0.37,,RCS,algodon ,,,0.25,,,,OCS,,True
616,616,Camiseta Poliamida,9.95,Turquia,True,,0.93,0.07,,,,,,,,,,,poliamida,2,0.93,elastano,0.07,,,poliamida ,,,,0.5,,,RCS,0.5,True
617,617,Camiseta Rib,12.95,Portugal,True,0.95,,0.05,,,,,,,,,,,algodon,2,0.95,elastano,0.05,,,,,,,,,,None,,False
618,618,Camiseta Temporada,19.95,Marruecos,True,1.0,,,,,,,,,,,,,algodon,1,1.0,,,,,,,,,,,,None,,False
619,619,Camiseta Temporada,19.95,Turquia,True,1.0,,,,,,,,,,,,,algodon,1,1.0,,,OCS,,,1.0,,,,,,OCS,1.0,True
620,620,Camiseta Rib,7.95,Bangladesh,True,0.95,,0.05,,,,,,,,,,,algodon,2,0.95,elastano,0.05,,,,,,,,,,None,,False
621,621,Camiseta Rib,12.95,Marruecos,True,0.42,,0.02,,,0.56,,0.05,,,,,,poliester,4,0.56,algodon,0.42,,RCS,algodon ,,0.56,0.42,,,,OCS,,True
622,622,Camiseta Poliamida,6.95,Marruecos,True,,0.94,0.06,,,,,,,,,,,poliamida,2,0.94,elastano,0.06,,,,,,,,,,None,,False
623,623,Top Crop,6.95,Bangladesh,True,0.95,,0.05,,,,,,,,,,,algodon,2,0.95,elastano,0.05,OCS,,,0.95,,,,,,OCS,0.95,True
624,624,Sudadera,17.95,Turquia,True,0.74,,,,,0.26,,,,,,,,algodon,2,0.74,poliester,0.26,,RCS,algodon ,,0.26,0.26,,,,OCS,,True
625,625,Camiseta Rib,15.95,Portugal,True,1.0,,,,,,,,,,,,,algodon,1,1.0,,,,,,,,,,,,None,,False
626,626,Camiseta Rib,15.95,Portugal,True,1.0,,,,,,,,,,,,,algodon,1,1.0,,,,,,,,,,,,None,,False
627,627,Camiseta Algodon Basica,15.95,Marruecos,True,1.0,,,,,,,,,,,,,algodon,1,1.0,,,,,,,,,,,,None,,False
628,628,Camiseta Temporada,15.95,Marruecos,True,1.0,,,,,,,,,,,,,algodon,1,1.0,,,,,,,,,,,,None,,False
629,629,Camiseta Temporada,15.95,Marruecos,True,1.0,,,,,,,,,,,,,algodon,1,1.0,,,OCS,,,1.0,,,,,,OCS,1.0,True
630,630,Camiseta Temporada,15.95,Turquia,True,1.0,,,,,,,,,,,,,algodon,1,1.0,,,,,,,,,,,,None,,False
631,631,Camiseta Poliamida,12.95,Bangladesh,True,,0.9,0.1,,,,,,,,,,,poliamida,2,0.9,elastano,0.1,,,poliamida ,,,,0.3,,,RCS,0.3,True
632,632,Camiseta Rib,12.95,Bangladesh,True,0.95,,0.05,,,,,,,,,,,algodon,2,0.95,elastano,0.05,,,,,,,,,,None,,False
633,633,Camiseta Poliamida,12.95,Bangladesh,True,,0.9,0.1,,,,,,,,,,,poliamida,2,0.9,elastano,0.1,,,poliamida ,,,,0.3,,,RCS,0.3,True
634,634,Camiseta Heavy Cotton,12.95,Bangladesh,True,1.0,,,,,,,,,,,,,algodon,1,1.0,,,,,,,,,,,,None,,False
635,635,Camiseta Temporada,12.95,Marruecos,True,0.5,,,,,0.5,,,,,,,,algodon,2,0.5,poliester,0.5,,RCS,poliester ,,0.5,,,,,None,,True
636,636,Camiseta Rib,12.95,Marruecos,True,,,,,,,,,1.0,,,,,liocel,1,1.0,,,,,,,,,,,,None,,False
637,637,Camiseta Rib,12.95,Marruecos,True,0.95,,0.05,,,,,,,,,,,algodon,2,0.95,elastano,0.05,,,,,,,,,,None,,False
638,638,Camiseta Temporada,12.95,Marruecos,True,1.0,,,,,,,,,,,,,algodon,1,1.0,,,,,,,,,,,,None,,False
640,640,Camiseta Algodon Basica,6.95,Bangladesh,True,1.0,,,,,,,,,,,,,algodon,1,1.0,,,,,,,,,,,,None,,False
641,641,Camiseta Temporada,6.95,Bangladesh,True,0.95,,0.05,,,,,,,,,,,algodon,2,0.95,elastano,0.05,,,,,,,,,,None,,False
642,642,Camiseta Poliamida,9.95,Turquia,True,,0.94,0.06,,,,,,,,,,,poliamida,2,0.94,elastano,0.06,,,poliamida ,,,,0.47,,,RCS,0.47,True
643,643,Camiseta Temporada,9.95,Egipto,True,1.0,,,,,,,,,,,,,algodon,1,1.0,,,OCS,,,1.0,,,,,,OCS,1.0,True
644,644,Camiseta Temporada,17.95,Marruecos,True,1.0,,,,,,,,,,,,,algodon,1,1.0,,,,,,,,,,,,None,,False
645,645,Sudadera,17.95,Pakistan,True,1.0,,,,,,,,,,,,,algodon,1,1.0,,,,,,,,,,,,None,,False
646,646,Camiseta Temporada,17.95,Portugal,True,1.0,,,,,,,,,,,,,algodon,1,1.0,,,,,,,,,,,,None,,False
647,647,Camiseta Algodon Enzimatico,8.95,Bangladesh,True,1.0,,,,,,,,,,,,,algodon,1,1.0,,,,,,,,,,,,None,,False
648,648,Camiseta Temporada,15.95,Marruecos,True,1.0,,,,,,,,,,,,,algodon,1,1.0,,,,,,,,,,,,None,,False
649,649,Camiseta Temporada,15.95,Bangladesh,True,1.0,,,,,,,,,,,,,algodon,1,1.0,,,,,,,,,,,,None,,False
650,650,Camiseta Temporada,7.95,Bangladesh,True,1.0,,,,,,,,,,,,,algodon,1,1.0,,,OCS,,,1.0,,,,,,OCS,1.0,True
651,651,Sudadera,29.95,Turquia,True,0.45,,,,,0.55,,,,,,,,poliester,2,0.55,algodon,0.45,,RCS,poliester ,,0.49,,,,,None,,True
652,652,Camiseta Temporada,29.95,Camboya,True,0.4,0.09,,,,0.51,,,,,,,,poliester,3,0.51,algodon,0.4,,RCS,poliamida ,,0.51,0.4,0.09,,,OCS,,True
653,653,Camiseta Temporada,5.95,Bangladesh,True,1.0,,,,,,,,,,,,,algodon,1,1.0,,,,,,,,,,,,None,,False
654,654,Sudadera,25.95,Turquia,True,0.46,,,,,0.54,,,,,,,,poliester,2,0.54,algodon,0.46,,RCS,poliester ,,0.45,,,,,None,,True
655,655,Camiseta Temporada,25.95,Turquia,True,0.4,,,,,0.6,,,,,,,,poliester,2,0.6,algodon,0.4,,RCS,algodon ,,0.2,0.4,,,,OCS,,True
656,656,Sudadera,25.95,Pakistan,True,0.85,,,,,0.15,,,,,,,,algodon,2,0.85,poliester,0.15,,RCS,algodon ,,0.39,0.2,,,,OCS,,True
657,657,Camiseta Rib,9.95,Bangladesh,True,0.95,,0.05,,,,,,,,,,,algodon,2,0.95,elastano,0.05,OCS,,,0.95,,,,,,OCS,0.95,True
658,658,Sudadera,22.95,Marruecos,True,0.82,,,,,0.18,,,,,,,,algodon,2,0.82,poliester,0.18,,,,,,,,,,None,,False
659,659,Camiseta Temporada,19.95,China,True,,0.76,0.24,,,,,,,,,,,poliamida,2,0.76,elastano,0.24,,,poliamida ,,,,0.76,,,RCS,0.76,True
660,660,Camiseta Temporada,17.95,Marruecos,True,0.44,,0.01,,,0.11,0.44,,,,,,,algodon,4,0.44,modal,0.44,,,,,,,,,,None,,False
661,661,Sudadera,17.95,Pakistan,True,1.0,,,,,,,,,,,,,algodon,1,1.0,,,,,,,,,,,,None,,False
662,662,Sudadera,17.95,Pakistan,True,1.0,,,,,,,,,,,,,algodon,1,1.0,,,,,,,,,,,,None,,False
663,663,Sudadera,17.95,Turquia,True,0.71,,,,,0.29,,,,,,,,algodon,2,0.71,poliester,0.29,,RCS,poliester ,,0.29,0.26,,,,OCS,,True
664,664,Camiseta Temporada,17.95,Portugal,True,0.7,,,0.3,,,,,,,,,,algodon,2,0.7,lino,0.3,,,,,,,,,,None,,False
665,665,Camiseta Temporada,17.95,Turquia,True,1.0,,,,,,,,,,,,,algodon,1,1.0,,,,,,,,,,,,None,,False
666,666,Camiseta Rib,15.95,Marruecos,True,,,,,,0.2,,,0.57,,,0.23,,liocel,3,0.57,lana,0.23,,,,,,,,,,None,,False
667,667,Camiseta Algodon Basica,15.95,Turquia,True,1.0,,,,,,,,,,,,,algodon,1,1.0,,,,,,,,,,,,None,,False
668,668,Camiseta Temporada,8.95,Bangladesh,True,0.95,,0.05,,,,,,,,,,,algodon,2,0.95,elastano,0.05,,,,,,,,,,None,,False
669,669,Camiseta Temporada,15.95,Marruecos,True,1.0,,,,,,,,,,,,,algodon,1,1.0,,,OCS,,,1.0,,,,,,OCS,1.0,True
670,670,Camiseta Rib,12.95,Bangladesh,True,0.95,,0.05,,,,,,,,,,,algodon,2,0.95,elastano,0.05,,,,,,,,,,None,,False
671,671,Camiseta Algodon Basica,12.95,Marruecos,True,1.0,,,,,,,,,,,,,algodon,1,1.0,,,,,,,,,,,,None,,False
673,673,Camiseta Temporada,9.95,Turquia,True,,,0.08,,,,,,,,0.92,,,acrilico,2,0.92,elastano,0.08,,RCS,,,,,,0.27,,None,,True
674,674,Camiseta Temporada,9.95,Marruecos,True,1.0,,,,,,,,,,,,,algodon,1,1.0,,,OCS,,,1.0,,,,,,OCS,1.0,True
675,675,Camiseta Temporada,9.95,Egipto,True,1.0,,,,,,,,,,,,,algodon,1,1.0,,,OCS,,,1.0,,,,,,OCS,1.0,True
676,676,Camiseta Temporada,8.95,Bangladesh,True,0.95,,0.05,,,,,,,,,,,algodon,2,0.95,elastano,0.05,,,,,,,,,,None,,False
677,677,Camiseta Temporada,5.95,Bangladesh,True,1.0,,,,,,,,,,,,,algodon,1,1.0,,,,,,,,,,,,None,,False
678,678,Camiseta Temporada,19.95,Marruecos,True,0.86,,,,,0.14,,,,,,,,algodon,2,0.86,poliester,0.14,,,,,,,,,,None,,False
679,679,Camiseta Algodon Basica,15.95,Turquia,True,1.0,,,,,,,,,,,,,algodon,1,1.0,,,,,,,,,,,,None,,False
680,680,Camiseta Temporada,15.95,Marruecos,True,1.0,,,,,,,,,,,,,algodon,1,1.0,,,,,,,,,,,,None,,False
681,681,Camiseta Temporada,22.95,Bangladesh,True,0.77,,,,,,,,0.23,,,,,algodon,2,0.77,liocel,0.23,,,,,,,,,,None,,False
682,682,Camiseta Temporada,12.95,Turquia,True,1.0,,,,,,,,,,,,,algodon,1,1.0,,,OCS,,,1.0,,,,,,OCS,1.0,True
683,683,Camiseta Rib,9.95,Bangladesh,True,0.95,,0.05,,,,,,,,,,,algodon,2,0.95,elastano,0.05,OCS,,,0.95,,,,,,OCS,0.95,True
684,684,Sudadera,35.95,Marruecos,True,0.82,,,,,0.18,,,,,,,,algodon,2,0.82,poliester,0.18,,RCS,poliester ,,0.58,0.18,,,,OCS,,True
685,685,Camiseta Temporada,7.95,Bangladesh,True,1.0,,,,,,,,,,,,,algodon,1,1.0,,,OCS,,,1.0,,,,,,OCS,1.0,True
686,686,Camiseta Temporada,15.95,Portugal,True,,,,0.3,0.7,,,,,,,,,viscosa,2,0.7,lino,0.3,,,,,,,,,,None,,False
687,687,Camiseta Algodon Basica,15.95,Marruecos,True,1.0,,,,,,,,,,,,,algodon,1,1.0,,,,,,,,,,,,None,,False
688,688,Camiseta Algodon Basica,12.95,Marruecos,True,1.0,,,,,,,,,,,,,algodon,1,1.0,,,,,,,,,,,,None,,False
689,689,Camiseta Temporada,12.95,Marruecos,True,1.0,,,,,,,,,,,,,algodon,1,1.0,,,,,,,,,,,,None,,False
690,690,Camiseta Temporada,15.95,Portugal,True,,,,0.3,0.7,,,,,,,,,viscosa,2,0.7,lino,0.3,,,,,,,,,,None,,False
692,692,Camiseta Rib,12.95,Portugal,True,1.0,,,,,,,,,,,,,algodon,1,1.0,,,,,,,,,,,,None,,False
693,693,Camiseta Poliamida,12.95,Bangladesh,True,,0.9,0.1,,,,,,,,,,,poliamida,2,0.9,elastano,0.1,,,poliamida ,,,,0.3,,,RCS,0.3,True
694,694,Sudadera,29.95,Marruecos,True,0.42,,,,,0.58,,,,,,,,poliester,2,0.58,algodon,0.42,,RCS,poliester ,,0.58,,,,,None,,True
695,695,Camiseta Rib,12.95,Portugal,True,1.0,,,,,,,,,,,,,algodon,1,1.0,,,,,,,,,,,,None,,False
696,696,Sudadera,19.95,Bangladesh,True,0.6,,,,,0.4,,,,,,,,algodon,2,0.6,poliester,0.4,,RCS,poliester ,,0.4,,,,,None,,True
697,697,Camiseta Rib,19.95,Turquia,True,0.94,,0.06,,,,,,,,,,,algodon,2,0.94,elastano,0.06,,,,,,,,,,None,,False
698,698,Sudadera,29.95,Turquia,True,0.8,,,,,0.2,,,,,,,,algodon,2,0.8,poliester,0.2,,,,,,,,,,None,,False
699,699,Camiseta Temporada,12.95,Bangladesh,True,1.0,,,,,,,,,,,,,algodon,1,1.0,,,,RCS,algodon ,,,0.25,,,,OCS,,True
700,700,Camiseta Temporada,99.95,Marruecos,True,,,,,0.85,,,,,,,0.15,,viscosa,2,0.85,lana,0.15,,,,,,,,,,None,,False
701,701,Camiseta Temporada,49.95,China,True,,,,,,,,,,,,,1.0,seda,1,1.0,,,,,,,,,,,,None,,False
702,702,Camiseta Temporada,17.95,China,True,,0.88,,,,,,,,0.12,,,,poliamida,2,0.88,fibra,0.12,,,,,,,,,,None,,False
703,703,Camiseta Temporada,19.95,Marruecos,True,1.0,,,,,,,,,,,,,algodon,1,1.0,,,,,,,,,,,,None,,False
704,704,Camiseta Temporada,15.95,Marruecos,True,0.86,,,,,0.14,,,,,,,,algodon,2,0.86,poliester,0.14,,,,,,,,,,None,,False
705,705,Sudadera,22.95,Pakistan,True,1.0,,,,,,,,,,,,,algodon,1,1.0,,,,,,,,,,,,None,,False
706,706,Camiseta Temporada,17.95,Turquia,True,0.46,,,,,0.54,,,,,,,,poliester,2,0.54,algodon,0.46,,RCS,poliester ,,0.45,,,,,None,,True
707,707,Camiseta Algodon Basica,7.95,Bangladesh,True,1.0,,,,,,,,,,,,,algodon,1,1.0,,,,,,,,,,,,None,,False
708,708,Camiseta Algodon Basica,7.95,Bangladesh,True,1.0,,,,,,,,,,,,,algodon,1,1.0,,,,,,,,,,,,None,,False
709,709,Camiseta Temporada,49.95,China,True,,,,,,,,,,,,,1.0,seda,1,1.0,,,,,,,,,,,,None,,False
710,710,Camiseta Poliamida,9.95,Turquia,True,,0.93,0.07,,,,,,,,,,,poliamida,2,0.93,elastano,0.07,,,poliamida ,,,,0.5,,,RCS,0.5,True
711,711,Camiseta Poliamida,6.95,Portugal,True,,0.94,0.06,,,,,,,,,,,poliamida,2,0.94,elastano,0.06,,,,,,,,,,None,,False
712,712,Camiseta Temporada,17.95,Portugal,True,1.0,,,,,,,,,,,,,algodon,1,1.0,,,,,,,,,,,,None,,False
713,713,Camiseta Poliamida,8.95,Turquia,True,,0.94,0.06,,,,,,,,,,,poliamida,2,0.94,elastano,0.06,,,poliamida ,,,,0.47,,,RCS,0.47,True
714,714,Camiseta Algodon Basica,7.95,Bangladesh,True,1.0,,,,,,,,,,,,,algodon,1,1.0,,,,,,,,,,,,None,,False
715,715,Sudadera,22.95,Pakistan,True,1.0,,,,,,,,,,,,,algodon,1,1.0,,,,,,,,,,,,None,,False
716,716,Sudadera,22.95,Pakistan,True,1.0,,,,,,,,,,,,,algodon,1,1.0,,,,,,,,,,,,None,,False
717,717,Camiseta Poliamida,8.95,Turquia,True,,0.94,0.06,,,,,,,,,,,poliamida,2,0.94,elastano,0.06,,,poliamida ,,,,0.47,,,RCS,0.47,True
718,718,Camiseta Algodon Enzimatico,8.95,Bangladesh,True,1.0,,,,,,,,,,,,,algodon,1,1.0,,,,,,,,,,,,None,,False
719,719,Camiseta Temporada,5.95,Bangladesh,True,0.95,,0.05,,,,,,,,,,,algodon,2,0.95,elastano,0.05,,,,,,,,,,None,,False
720,720,Camiseta Rib,7.95,Bangladesh,True,0.95,,0.05,,,,,,,,,,,algodon,2,0.95,elastano,0.05,,,,,,,,,,None,,False
721,721,Camiseta Temporada,8.95,Bangladesh,True,0.95,,0.05,,,,,,,,,,,algodon,2,0.95,elastano,0.05,OCS,,,0.95,,,,,,OCS,0.95,True
722,722,Camiseta Oversize,17.95,Portugal,True,1.0,,,,,,,,,,,,,algodon,1,1.0,,,,,,,,,,,,None,,False
723,723,Camiseta Temporada,15.95,Portugal,True,,,,0.3,0.7,,,,,,,,,viscosa,2,0.7,lino,0.3,,,,,,,,,,None,,False
725,725,Camiseta Temporada,15.95,Portugal,True,,,,0.3,0.7,,,,,,,,,viscosa,2,0.7,lino,0.3,,,,,,,,,,None,,False
726,726,Camiseta Rib,4.95,Bangladesh,True,0.95,,0.05,,,,,,,,,,,algodon,2,0.95,elastano,0.05,,,,,,,,,,None,,False
727,727,Camiseta Algodon Enzimatico,8.95,Bangladesh,True,1.0,,,,,,,,,,,,,algodon,1,1.0,,,,,,,,,,,,None,,False
728,728,Camiseta Poliamida,8.95,Turquia,True,,0.94,0.06,,,,,,,,,,,poliamida,2,0.94,elastano,0.06,,,poliamida ,,,,0.47,,,RCS,0.47,True
